匿名用户,两年后的更新:题主修改描述了。这是原版问题2017.4.24————纵然题主这样的恶意充满生活中每个角落，我仍然要为所有抑郁症患者站出来说句公道话，不要以为把矫情懦弱装逼这些词往我们身上贴，就能证明你活得比我们坚强伟大，抑郁不等于低人一等，抑郁不等于尊严能让你随便踩。————————————————都散了吧，看了下题主的回复，她不是来问抑郁症去检查能不能假装的，单纯看不惯人家而已，就别贴上抑郁症的标签招黑了。————————————题主把抑郁症想的太简单了。我在去医院确诊并且告诉室友之前没人看得出来我抑郁，该吃吃该喝喝说说笑笑，毕竟谁也不可能满世界嚷嚷我心里难受。还有理智的时候就能维持正常社交活动，没有人喜欢别人把自己当异类的。尽管心里那种痛苦和绝望是真的随时快把我推下深渊。脸上挂着笑，心里把自己诅咒了一万遍，活着的每一天都在自我攻击。医生确诊抑郁症也不是根据患者说几句我失眠我想自杀来定的，有很多专业的检测，包括心理的和生理的，这些都是几十年来医疗技术研究的成果，不要把医学想的那么肤浅。心理检测题之所以专业和准确，就在于它是从最细微平常的地方挖掘出你的问题。没有那么容易伪造抑郁的答案。如果你不相信可以去查查资料，哪怕随便百度一下，总比主观臆断好。看到这个问题真的特别难过，可想而知多少患抑郁的人身处的是什么样的环境，周围的人是如何看待，多么无助。当一个个身边人说出“你就是脆弱”“你就是不够坚强“抑郁症吃药是为了寻求心里安慰吗？”这种话。心如刀割。我们不求外界给予多少理解温暖和关注，只求不被排挤指责嘲讽取笑，只求被当做一个正常人，感冒了发烧了的正常人。想了很多却无法写出来。我仍然希望所有抑郁症患者都能被世界温柔对待，没有人不想好好活下去，在鼓起勇气去医院之前他们一定一个人做了很多努力，自己已经无能为力，才会去寻求医生的帮助。真的不希望这种为了活下去而做出的努力被看做什么装逼矫情事多。无论她是不是装的，就当她是真的抑郁，希望题主，以及看到这个答案的每个人，在得知别人患了抑郁症的时候不要再去恶意的揣测什么。你一时兴起的一句嘲讽流传到抑郁的她的耳朵里，真的可能成为压倒她的最后一根稻草。你可以不相信，可以视而不见，但是请不要做将别人推下深渊的帮凶。————————如果不是真的痛苦万分，谁愿意把自己套上这种病，答主吃药一年半，抑郁已经基本痊愈，但代价是药物副作用带来的肥胖四十斤，记忆力减退。我才二十四岁，却成了个一百四十斤的胖子。可是如果回到当初再让我选择一次，我还是愿意吃药，我想活下去，好好活下去。______再更新一波，很多小伙伴私信评论问自己到底是不是有抑郁症，答主觉得第一去医院看，第二自己判断。如果你长时间的，持续的，觉得内心及其痛苦，无法面对生活，觉得维持不了一个正常的心态生活下去，而且不是因为某个因素一段时间的影响(比如失恋、亲人离世等)，这些事情会让你消沉一段时间，但不可能很久。那多半就是抑郁了。其实自己心理到底有没有出问题，自己最清楚，因为大家都正常过，都知道健康的人日常生活是什么感受呀！还有，回答这个问题是出于不爽题主这种没品的人恶意揣测别人，针对问题本身，究竟能不能诱导医生做出诊断，我认为其实是有可能的，就像你没病但是去医院跟医生说我心脏疼我喘不上气，医生还是会以你有心脏病为前提去给你检查，因为医生要尽量做到不漏诊不耽误病人可能的治疗时机，毕竟去医院看的人多数是真正的病人。而心理疾病又不像是生理性的病有很明确的病变能观察到，有时候你各项指标正常，但你跟医生说你确实感到及其痛苦，那医生还是可能会诊断抑郁的，不是每个人都符合所有判断标准，医学上对于抑郁症的研究也没有到很确切的地步，没病吃药治疗顶多有些副作用，真的有病医生没诊断出来，到时候自杀了算谁的锅呢是不。当然医生多半不会这么草率就是了，至少答主遇到的医生都很有耐心的跟我聊了很久，之后去复查有了好转，医生也为我开心。虽然不排除那种想获得别人关注而假装抑郁的个例，但是以我们国家的情况来说应该大多数人都会想着坚持一下自己熬过去了，实在撑不住了才会想到去看病吃药，去看精神科可是要被人有色眼镜看待的呢。,2431,291
正你不认识我,如果我告诉你，很多抑郁症患者表面看上去比正常人还要励志，完美，甚至无懈可击，你会怎么想?自我批判性完美主义者更容易抑郁，这类抑郁的根本在于，他们非常在意别人的看法，他们的自我跟自己能否完美的维持成就和保持他人的喜爱息息相关。而avoidance人格，让他们无法享受成功的喜悦，却对失败非常执念，也不肯不敢对人敞开心扉，自己扛，不想麻烦别人是他们咨询时常用的理由，他们认为自己的义务是让别人开心，而不是让别人倾听自己的难处。他们内心越是备受折磨时，他们表面上就更加努力，社交时就越是温暖开朗。他们生怕别人发现自己的秘密，知道自己是表里不一，不值得爱的人。他们拼命的试图得到别人的认可希望可以找回自己存在的意义，可是却正是因此越陷越深。抑郁症的样子并不是大众所想的那样，而且并不是所有抑郁症的表面现象都一样，相反，很大比例的抑郁症，包括其他心理疾病是悄然无声的。而正是因为题主和大众对于心理疾病戴着有色眼镜的人，导致更多人不敢承认自己是患者，默默忍受煎熬，直到无法挽回。国内应该使用的是WHO的诊断方法，我们按照APA DSMV，抑郁症就是常常很累，浑身无力，对往常的感兴趣的事情也提不起兴趣，无法起床，无法睡觉，失去动力和食欲，一直情绪低落，或者会有很开心和很伤心的短时间循环，自我否认，等等等等，维持两个星期以上。有没有可能误诊，是有可能的。因为本身这件事的“度”就不是非常明确的，两个星期这个时间限制只是一大堆专家为了一致性打成的协议，而每个案例有每个案例的特殊。所有人都在某种意义和程度上有心理问题，就像每个人是身体或多或少都有点不健康的地方一样。可是并不是所有的人都去看医生对不对? 而且每个人对这些问题的承受能力不一样，对其了解不深或者不重视。我们把心理问题换成身体上的问题大家就明白了。比如我在深呼吸时，后腰和胸腔有轻微的刺痛感，我会警觉而后去看医生，不是因为这个疼痛影响我生活，而是因为我知道这很可能是更大的疾病的前兆。但是我父亲绝对就不会，他甚至不会觉得有任何问题。又比如，我手指错位了，我会找医生接回来，我父亲会自己接回来，虽然导致他至今有一根手指受不住力。我父亲承受痛苦的能力比我强，又因为不了解所以不是很重视自己的身体健康。而且这里面还有时代变化的因素，最早人类注重传染疾病，因为它们导致了最多的死亡，而后人类开始注重心脏病和癌症，因为它们杀死最多人。再往后，我们开始注重糖尿病，高血压，等等影响生活质量的疾病 而发达国家已经非常注重心理健康，因为随着传统疾病的治疗和预防，它在逐渐成为新时代的“大杀器”并且极大的影响生活质量。我相信中国也会逐渐步入这个时代，只不过稍晚一点。如果把心理疾病想象成身体上的疾病，(心理疾病多半都有生理原因，所以严格来讲也是身体上的问题)想象一下，如果都是像题主一样的人，你去医院还要被说三道四，那么结果究竟如何。。。。。话再说回来，其实“误诊”本身的意思，在心理疾病方面，就是个很难定义的事情。大部分情况下医生决不会否认你有抑郁症，按照humanistic approach只要你自己认为这种状态影响了你的生活，你就有权利寻求帮助。有没有可能有人假装，导致误诊。如果这个人完全正常，那么可能性极小。虽然在填诊断表格的时候可以人为导致自己“抑郁”，但是除非你是演技派，并且事先学习了大量心理学知识，不然在咨询过程中一定会出现自我矛盾的地方。早起看到，匆忙回答。有空整理,848,68
神经喵,只能说有可能，但是抑郁症不是假装的，医生应该有判断标准……（评论里有说抑郁症检查需要测试心电图以及脑电波~）对于失忆症是有判断标准的。就是利用电击造成的条件反射来检测，如果的确是失忆就不会记得上一次电击，假装的话条件反射的会下意识的避开电击选项。期待专业人士的解答，我也很好奇。看了下其他答案。都觉得抑郁症不是病。不是病是吗？只是心情低落是吗？抑郁症自杀率高达30%，其中15%的人自杀成功。死亡率仅次于癌症。够了吗？还觉得不是病吗？请！不！要！把抑郁症和你们开玩笑说的那种鬼东西混为一谈好吗？！！！请认真对待抑郁症好吗？？？？？？持续两周以上并且一直情绪低落出现各种抑郁症症状的才是抑郁症！！！你特么抑郁了三个小时别人一个电话来「一起吃火锅啊」你「好啊好啊」开心的就去换衣服了的这特么叫抑郁症？？？肯定有人要说了，你是「微笑抑郁症」那你很棒棒哦！要不要把你亲亲抱抱举高高？你微笑就是在开心，抑郁症那完全是装笑好吗？？？抑郁症微笑很难受的好吗？？请不要拿心理疾病开玩笑了好吗？？？真觉得自己有病看病去！！到处跟人说我抑郁症我强迫症你是把所有人都当精神科医生是吗？嗯？,749,126
包安达,2019年7月到另外一家大医院检查被确诊为“双相障碍”，过去两年多按照单相抑郁治疗的效果不佳。还是得看医生水平如何，医生诊断除了面诊之外主要参考的检查内容有各种心理测量表，脑电图，近红外脑成像，超慢脑涨落分析（这里面有两部分数据，递质功率和相对递质功率，后者有一定参考价值，前者几乎没有）等。————2017.4.24————很多回答在批评题主，我对这些回答和题主的事件描述都不发表意见，我也不想描述身为抑郁者的心理活动，因为我认为每个抑郁者的病因不尽相同，感受也不尽相同，所以我仅仅通过自己的经验来简单回答一下标题中的问题，『假装抑郁去医院查会不会诊断为抑郁症？』。抑郁症的诊断我所知道的（或者说我经历过的）有两种，一种是SDS抑郁自评量表，这是我去学校的心理咨询室咨询前做过的，并且咨询师将表的内容和得分纳入参考，由于我的得分偏高咨询师建议我去医院检查。我认为自评表如果要作假应该是比较容易的，有意识地多选择一些负面选项就好了。但是咨询师也不是吃干饭的，会有目的性地跟你聊一些问题，越好的咨询师越不好骗。另一种具体我说不清，我去医院精神科检查，医生给我做了好几种类似脑电图的东西，我不记得那些检查的具体名字了，什么什么诱导之类的，最后检查出来的结果主要是脑电相关和脑内各类神经递质水平相关的数据，医生说诊断抑郁时主要参考的是5-羟色胺水平，5-羟色胺水平过低是比较常见的一种抑郁的直接原因，至于其他参考的数据我并不太清楚。所以从这个角度来看，抑郁症是有生理病理基础的，抑郁症的诊断也是要参考一些病理检查结果的，这一点上是没办法假装的。所以我的结论是『完全没有抑郁症的人假装抑郁去医院检查是不会被诊断为抑郁的』另一方面，即便当事人可能是假装的，我认为一个人不会无缘无故想要假装抑郁，肯定有一些令他痛苦的原因，而这个原因背后也很可能隐藏着更深的生理或心理的伤病。这一点上我想表达的是，『如果一个人假装抑郁，去医院检查却被诊断为抑郁症，那他很可能是真的抑郁，而他的抑郁很可能也是他假装抑郁的原因』,281,50
皮皮爪,题主，请你自重。当你用相对恶意的话语评论你知之甚少的领域时，你已经和喷子相去不远了。而且你很可能伤害一个本来就已经抑郁的同学。你并不是经历过她所经历的一切。抑郁症并不是随时随地能表现出来的。有的人害怕黑夜，对自己面对这世界无能为力的恐惧。有的人害怕孤独，在一个人的时候会有遗弃感。有的人甚至害怕热情……我算起来抑郁史有7年了，但在一年前陪另一个抑郁朋友去开药，开玩笑说查查看，才确认了自己的中度抑郁和社交障碍。我当时还有点小兴奋，这年头没有个什么病哪里正常啊，还是这么时髦的心理疾病。但我和身边的人说起来的时候，几乎都回复我：你社交障碍？骗鬼的吧。甚至我去学校教病历的时候，书记聊了会说：这么阳光的小伙子，你这病历不会是假的吧哈哈，开玩笑开玩笑……对，我不会诧异他们这样的评论，因为和他们相处的时候我自己都觉得自己很阳光，我可以很快的和新认识的朋友打成一片，朋友的忙也能帮就帮，这得益于家教和老师的教诲：让自己的存在使别人感到幸福。我努力在做，外在的形象似乎有些美好，但是抑郁这东西是从内心侵蚀你的。做梦几乎是噩梦，在半夜有时惊醒就睡不着，会胡思乱想一晚上，胸口闷的不行。怀念以前的事情，后悔之前的错误，反复折磨自己的内心，对未来失去了信心，什么也不想干，什么也不敢干。容易一触即怒，但在朋友的面前表现的很平静，不会表现给他人，让自己的情绪带坏别人。但内心总有伤害别人的欲望。我们都知道不对……但我们毫无办法。所以题主你明白了吗？并不是她假装抑郁，而是她假装坚强。请珍惜你身边每一个人。………………假装分页了………………我拉了一个收藏夹，小伙伴可以看一看哦https://www.zhihu.com/collection/447879164给信任的人分享一下你的感受哦，大家快点好起来哦。https://www.zhihu.com/video/1182928155886702592这两个小姐姐真的很给力哦，抖音@陈薏仁,178,44
哈里,根据题主的描述我不能确定对方是真抑郁症还是假抑郁症，但是题主内心阴暗、心理不健康是肯定的。建议题主去精神卫生中心去查一查，及时治疗。切忌讳疾忌医。,221,9
了不起的莴苣公主,你不喜欢她就算了，干什么非要扯上抑郁症呢？你以为她大哭大闹的和医生说我得了抑郁症，医生就赶紧点头哈腰的开个单子？？？哦那这样我也去当这样的医生好了。你以为心理医生学那么多年的知识都喂狗？我知道感冒发烧的症状，可能捂热脑袋，在腋下夹一个热水瓶，可以勉强在医务室开个假条。也都不敢真正去医院看。可是每个人抑郁的症状完全不一样啊。抑郁也不是心情低落。很多人食欲不振，我还总会暴饮暴食呢。我装的途径都没有，无从下手。最后，抑郁症不是每天不说话，或者除了哭什么都不会，一言不合就自杀。和感冒一样，抑郁症只是我们作为人类得得一种病，而不是取代人类这个属性的性质。我们依然可以社交旅游读书写字。我相信题主也不是真的恶意只是不了解抑郁症但是无知比恶意更为可笑也可怕所以麻烦您下次想清楚在提问题别他妈瞎逼逼,132,5
初之,如果你能在半个月内瘦10公斤，你去医院或许会有医生给你诊断为抑郁症。如果你能让你的眼神木僵，充满绝望，路人一眼就能看出你要么精神不正常要么遭受了非人的摧残，那或许会有医生给你诊断为抑郁症。如果你能超过两个星期不跟任何人接触，别人问你问题的时候你都很木僵的给出一些细微的回答，那或许会有医生给你诊断为抑郁症。如果你能超过两个星期不停的流眼泪，整个脸都是肿的，行动迟缓，抽血后有甲减状态，那或许会有医生给你诊断为抑郁症。如果你能对你所有喜欢的东西不感兴趣，是女生你不买化妆品，你每天蓬头垢面的蜷缩在被子里不睡觉不说话不玩手机不找男朋友，不吃自己爱吃的所有东西，甚至要人逼迫强行才能进食（因为我是女生所以我不太了解男孩子抑郁发作时的情况）那么或许会有医生给你诊断为抑郁症。如果你可以超过一个月把自己锁在房间里不说话不跟任何人接触，爸妈担心到拿钱求你出去逛街看电影买东西你都不为所动，甚至连表情交流都没有的话可能有医生给你诊断为抑郁症。如果你可以在人群密集的地方呕吐到血压下降，口水一直溢出来那么可能会有医生给你诊断为抑郁症。如果你可以突然全身脱力，沙发离你只有一步距离，上面就坐着一个你的亲人朋友或者爱人你都没办法呼救，只能一个踉跄扑在沙发上一声都哼不出来，或许会有医生把你诊断为抑郁症。如上所述，抑郁症不是单单的情绪不好。就算你可以看虐文天天哭，就算你真的可以绝食让自己半个月内瘦十公斤。就算你甚至可以控制甲功，让你的化验报告上写着甲减三个字。但发病时候得生命体征越来越虚弱，肉眼可见的肌肉痉挛，眼神涣散我认为不是常人能装出来的。如果以上所说你都能伪装。你装抑郁症干嘛？？？？奥斯卡奖下一个得主就是你了啊。,148,59
匿名用户,题主既然要这样揣测，何不自己去医院试试？真的骗过医生，那你就好好吃药，体会下抗抑郁药物的花式药物反应：恶心呕吐嗜睡乏力昏沉迟钝发胖...这不是矫情的人能承受的，这是勇者为了不放弃自己所进行的抗争。,90,17
万事屋的,这是精神科╱心理科医生被黑的最惨的一次,70,9
匿名用户,当我测出重度抑郁，中度焦虑时，家里没有人愿意相信，包括我自己。当时我甚至有幻听出现，才想着去三甲医院检查一下。结果如上。而当我把自己情况告诉最要好的几个朋友时，一致反应都是不相信。“怎么可能？你那么活泼，简直是小可爱。”，“不会吧？你是不是最近写论文压力太大了？”，“啊？不会吧？是不是医院问题？是不是医生想坑钱？”甚至在班上，我情绪低落时，那个被班上称为大方的内蒙大哥直接说了句，“戏精。”他以为我没听到。等到现在9月份写完论文，朋友问起我的情况，也是认为我是学习压力太大了，觉得现在也是没什么问题的，该玩玩，该逛逛。我也没再提起过。只是回到家，常常突然发脾气，突然躲在角落那边哭。一直觉得我没用，没有人理解，没有人喜欢我。偶尔脑海里还有个声音在说，“去s吧去s吧去s吧”，不断回旋。很多时候，一个人就能在家一天，什么都不想干，只想躺着，不想动。大抵就这样吧。,266,214
Marcus,只要给医生钱，别说抑郁症了，癌症艾滋医生都可以随便说的。题主要的就是这个答案呗,83,3
一只三文鱼,既然题主你强调了那么多遍反正你就是不信别人有，那你何必来问?这里有这么多人回复你了，你还要补充说反正我是不信的，那你希望我们告诉你什么？我看了你的三次分割线，我相信你就是希望我们告诉你，你这同学这么活泼开心，肯定是靠装的才确定是，你很想撕破她的假面具，然后在别人面前bb她那么开心怎么可能是，如果你想达到这样的效果，你可以去问她去哪看的，然后拉上全班同学逼她一起去证明她是装的。你还可以更刻薄一点，我也能说的更刻薄一点。,95,2
微白世界,抑郁症是难过，特别特别难过，心就像刀割一般的难过，敏感，而且你控制不住它，你看电视看不进，看书看不懂，做事拖拉，为啥？因为太难过了，你根本不想动！！这是发作的时候，没有发作的时候就是平静，但是也感觉不到快乐，看到好笑的也会哈哈大笑啊，但是就是感觉不到快乐的笑，那只是本能反应。社交也可以装作很正常，因为难受只有你自己知道啊，我在学校天天各种段子飞，但我确实也是整夜整夜的失眠，害怕，之所以还能嘻嘻哈哈是因为我患病之前就是一个开朗的人，自己习惯了,56,15
受害者,我可以告诉你我就是一名抑郁症患者 但我敢保证 在外人看来 我绝对在正常不过了 甚至是个很乐观的人不是怕别人知道 因为我不想让自己沉浸在这样的痛苦中 我需要用这种演的方式转移注意力掩盖痛苦的感觉 但我内心深处非常痛苦 我不敢告诉别人 甚至在担心自己能否坚持完成学业 那种持久的失落 抑郁 痛苦 正常人根本无法体会 对我们来说 活着就是一种痛苦 所以自杀其实是我们趋利避害的一种选择 就我自己来说 我每次自杀都不是因为冲动，而是经过深思熟虑的 在我的观念里 活着才需要勇气 死反而是 一种解脱 所以 你的朋友还知道去求助 就已经很难得了,85,27
盐一颗,更新：总结一下吧，我只是想用得抑郁症在金钱人际方面并没有什么好处来反驳题主而已。这点是我没说清楚→_→ ←_←对于大部分人来说，你得抑郁症他们根本不care啊，而且还会反驳你抑郁症不存在之类吧啦啦，所以告诉他们反而会徒增自己的烦恼，并没有什么好处。看抑郁症也很贵，问诊加配药没个六七百看不来。而且这个题目的母题应该是由医生医学生来回答，只是题主居心不良，被大家群起而攻之了。原答案：量表太贵了，有大学生医保也嫌贵。几百块钱呢。有谁会废着这种心思去装病呢？除非特别特别有钱→_→ ←_←反正我得抑郁症的时候，装正常装得很好，只是后面装得累了，不想装了。跟妈妈摊牌，然而跟妈妈说，妈妈并不信啊，然后妈妈对我开始一顿教育。你以为你得抑郁症之后，哇哇哭就会有人来关心你吗，然而并没有，连个理解你的人都没有。so跟别人说自己得了抑郁症有什么好处呢摊手………,47,31
匿名用户,会有专门的测试，还有和医生交流的，医生是可以看出来的，抑郁症患者一般眼神比较空洞，思维比较涣散，然后说话的时候会比较没头绪一些，有些不敢眼神对视（我就这样），反正我认为医生可以从你的语气中看出来个不少，毕竟这么多病人对吧至于题主你题中的情况，我觉得如果是的话，也是可以表现的和常人一样，社交一些东西的话挺挺还是可以撑过去的，除非很严重很严重的地步，如果不是的话，他查出来这个有什么用呢？配药很贵，而且正常人吃了会有什么副作用还不知道我刚开始去的时候就是不知道什么抑郁症什么的，只认为是小焦虑，然后做了脑电图和一些测试，第二次去还做了心电图，抽血什么的，医生问我要住院还是什么的，当时把我家长吓去了，但当时我还是没什么实感的，年纪小还不知道。每个人的情况不一样，像我在人前也和正常人无异，笑的比谁都大声，状态好的时候会有一种异常自信的感觉，然后就社交很正常，状态差的时候，会装，即便心里很难受也要完成，也不知道怕什么。抑郁症没有模版，不全是食不下咽想自杀还有一点，抑郁症患者的测试一般都是根据近段时间的状况来选择选项的，所以程度可能会因为阶段的不同而有差异的，不排除刚刚患上的可能,32,12
Eidosper,题主如果是城市孩子，那试试能不能装出农村孩子的样子？吃过很多苦，是几乎装不出来的。,67,20
IamStillAlive,去医院做测试被诊断为抑郁症这个倒是可以通过了解抑郁症患者的各种症状.从而在试题上作假.然而.抑郁症这玩意儿哪有那么好装.假的抑郁症一眼就能看出来.低劣一次.那些满嘴风凉话说什么抑郁症算什么病的老哥.我从来没这么希望你们这样的人会患上这个病.没错.说的就是你们.,48,16
海猫,。。。。。评论走向开始暴走了，虽然我也看不过眼某些行为，但是怀疑是件被允许的事吧？只不过怀疑不应该成为伤害别人的理由。在骂人的那些，是否也在做［与题主“可能”存在的恶意相似］的行为呢？——————————————————————————————粗粗了解几个抑郁状态的指标，并不能让你去判断一个人是否抑郁，只能够给你自己拥有一个预警。抑郁症的评定没你想的那么简单，因此很多专业人士会对自述有“抑郁症”的人建议去医院做具体的专业评估，而不是自己在网上搜个量表自己做一下。——这就是对你想要的问题的回答：医院的心理医生、精神科医生，对于各类你不熟悉的心理疾病，心理问题，几乎是阅人无数了，阅人之前至少在这个领域埋头苦钻了四年以上，通过最少两场以上的专业相关的考试。而像是你和你提到的这个人都是非专业的，所有的心理名词都源于网上各个渠道，比如百度百科（笑）。虽不能铁口直断所有的医生能够做到万无一失，但会比一个人自述“抑郁症”靠谱的多。以及一个人表现在外面的行为一定会和内心一样吗？恕我直言，她表现在外面的只是她想表现给你们这个距离的人去看的。既然她没打算把自己抑郁的那一面（不管有没有）表现给你，你可以默认你不需要因此对她做出什么回应，比如同情帮助之类。。。同理，没在表现给你之前你也的确无法确信她是抑郁症，但你也无法确信她没有抑郁症呀？——因此也不要去造成一些可能存在的伤害。,22,1
梨梓Lytze,中度以上的抑郁症一般都会有生理上的症状。可以做诊断的量化指标包括技激素水平，神经递质水平，心电图，脑红外活动图等。我当时诊断时就测量了脑红外活动地图，经测定显著的低于一般水平才给出诊断的。既然你认识的这个同学被诊断了中度的抑郁，那一定是有生理上症状的确诊的。,38,4
匿名用户,先认真地对题主加上去的会不会成功假装抑郁症的问题回答一下:不会。回答完了，然后呢？然后大家都洗洗睡了吧，题主就是讨厌那个舍友看不惯人家，然后呢就觉得人家看病吃药矫情博取同情和关注了，于是跑来证实一下自己观点得到一个“看吧这家伙就是装的”的观点。恕我直言，这种思想很恶心。替分发出去的巧克力心疼。,60,7
匿名用户,wtf？？我还真就不懂了 说我来博同情？？说我来恶心你们？？拜托抑郁症这个问题不是我提出的 我只是站在患者的角度上来阐明这个病的感受来告知提问的还有看到这些字的人不要歧视她们不要对他们有不好的猜想 我说你欠我了？上纲上线了吧？你欠我啥了？我让你给我啥了？？？我是来说这个病就像其他病一样 你恶意揣测胃病/残疾/聋哑/感冒 等等 这些人你就礼貌了？那些生病的人就不难过了？你就高尚了？没毛病啊？ 你理解不了你就去看别人的回复呗 这下面不是有个踩的选项吗 你可以点啊 点十下也行 别在评论区和我吵行么 谢谢 没毛病 你真恶心重度抑郁症后转为双向 我父母知道的时候震惊无以复加 所有人 从小到大的路人朋友好朋友同学老师都觉得我是一个温暖乐观积极可爱善良懂事的好孩子 就算分手的前任们也说我很好 【好人卡很多】喜欢我的 说我温暖 说我好的 数不胜数我也知道 那些温柔的安慰别人的 那些拥抱 那些主持组织活动 那些出席重要场合的 聚会中心 和 一周不睡觉不吃饭 痛哭一夜看到天亮持续好几年 自残以后装作什么也没有的 睁开眼看到这个世界全是黑色的 我 是是同一个人昨天吃饭我和我妈笑着 闹着说 妈妈知道吗去年今天我告诉你我需要去医院的时候 不夸张的说这个世界在我眼里已经全然黑暗了 一点点光都没有哦~我不想吓人 我只是真的真的真的无能为力 这个病它欺负我 它不让我好过 它不让我笑 不让我正常 不让我睡觉 不让我感受这个世界的美好 我能怎么办 我也很绝望啊 我尝试过不吃药 只会让自己更难受更失望 我难受啊 我真的难受啊 我怎么办？最后 对于问这个问题的人 我用我空洞的眼神掐死你 你这样的人 小人之心 井底之蛙 用自己的推测中伤一个需要呵护的人。补充一句 对于问问题的那个人 我想说 你不必去关心她内在是否生病 既然她努力表现出了乐观正常的样子 你不如就接受好了 她得病与否与你没有什么关系 如果她明确表示我需要朋友的支持 那么 你就去支持她 陪伴她 哪怕给一个微笑讲一个笑话给她 如果她没有 那么就当一切都没发生就好【我不是没法面对问题 我回答了 看见了么？？】以上。,89,82
YOYO,我就想告诉各位大佬她改描述了图出自这位,39,0
黄kiwi,我当年被医院诊断为重度抑郁输液输到手肿我爱了7年的前男友问我 你没病 你装什么装这句话现在都还在我脑海里 谁知道那段时间怎么过来的多少个想死的夜里怎么熬过来的每天开开心心 憋在心里的东西 除了我别人怎么会知道？真的庆幸当时家人的理解和照顾真的希望这个世界上少一点恶意多一些关爱,18,2
阿丧,,27,10
匿名用户,抑郁症和暴怒症是相反的抑郁的人会把自己藏起来，然后自己不受控制的走向深渊，ta并不会伤害任何人……如果癌症是自己不能控制自己身体里的细胞胡乱生长那么抑郁就是不能控制自己压抑的情绪吞噬自己看你问题的描述，并不相信你的小伙伴会得抑郁很正常普通人是不能理解抑郁的，尤其是每天像向日葵一样生活的人如果你不能理解，至少说明你的生活像向日葵一样既然你的生活都已经像向日葵了就不要再把黑暗留给小伙伴了吧,18,6
小盐,做一点功课的话，医院的测试题大家都能通过，但问诊的时候医生问问题是有技巧的。我觉得就像体内有很多个气球，气球里藏着各种东西，医生每个问题都在试图戳气球，很明显除了问题的答案之外他会更关注气球被戳到的表现。我记得很清楚，在听到医生问“你会不会觉得自己有罪，连累了别人？”的那个瞬间，我的身体快速地抖了一下，泪水立刻涌出来，那个气球爆炸了，我顿时失去力气想要从椅子上滑下来跪在地上，巨大的痛苦把我捆紧说不出话，我只能哭着点头。可是想骗医生的人不会有那些气球。,21,11
胡胡,草草看了一下，一水的怼题主。我只简单的回答你的问题，能不能装抑郁让医师诊断？答案是可以，完全可以。精神病学重要的一个特点是症状诊断，就是主要是你自己表述的症状，抑郁暂时还没有特异性的客观检查，量表也可以自己拿捏。肯下功课，能装的好。,22,17
梦见远野,我不知道此前发生了什么以及许多人为什么要骂提问者，所以我不发表意见。并且为了不被骂我也先声明一下我十分尊重各位病友。然后我想根据我个人经验回答你：其实是可以的。因为这事儿我还真干过。高中的时候有段时间我是特别抑郁的，也有一些自杀倾向自残行为什么的，但是在那些都过去十来年之后，我变成了一个相对还比较开朗的人。后来有一次，我在工作时遭到了相关人士的猥亵，报警后警察也去单位协调，说虽然无法从法律上定罪，但会劝单位领导把那男的弄走。然而领导收了对方黑钱，不肯解决这个事，还逼我原谅对方，以及继续跟对方相处，几次交涉未果后，我不得不选择拒绝上班。然后单位还不准我请假，不给我批，我就想到装病住院，但…别的病不好装，有就有，没有就没有，所以我就跑去了所谓的康复医院，也就是专门治疗精神疾病的医院，去看病。见医生前，我仔细回想了一下自己高中时候那种压抑的心情，把自己沉浸下去。然后…我就确诊了抑郁症，住了一个月的院。我知道这并不是什么好事，许多人也不认同我的回答，但因为是亲身经历，说出来只是想让大家知道，或许也确实有着这样的情况。,15,24
是什么垃圾,我有点想说题主。。。。因为大部分是不会装的啊。。。测试什么的脑电图心电图验血什么的一套下来流程挺贵的。。而且如果医生还给你配药呢？我是五月份确诊的，准确来说一年前心情就很差了，脾气特别燥，急性子这点更加突出。我做的流程当中大概有脑电图心电图抽血心理咨询测试什么的，还加上我的药，在正规的心理医院做的。医生还会根据你的状态评定，比如说一些小动作什么的，还有眼神脸色什么的。其实⑧我想说这种事不是好事的。因为真的很难受。焦虑的时候特别难受。带着装的心态去测试这病的闲的蛋疼吗是。钱不是钱吗？我确诊那次花了快两千，带着玩心态的我想给你一顿爆揍。给医生添堵⑧是？还是家里富可敌国钱没地方败了？,5,0
闲鱼牧云,我倒觉得是可以装出来的是的我觉得可以，毕竟伪装对于人类来说真不是难事。但这和真正的抑郁症就是两码事，你懂，对吗？,7,0
neikoladodo,会的。我记得有个心理学家做了个实验。让几个正常人去精神医院。结果全部查出来有病。然后这个心理学家就开始质疑医疗体系。医院说，你在测试一次。我一定能给你找出来。结果心理学家并没有在找志愿者去。医院说找到了十几个你们派来的人。这个实验挺有名的。我记不得实验名字了。但是，尽量不要台消费抑郁群体。他们也挺可怜的,16,3
忙人李翡翠,也不知道是不是只有我一个人刚知道，原来在国内，抑郁症、强迫症、焦虑症去医院挂的科室是：精神科！虽然说这么写也没错了，但是国内的文化环境，对于精神科的心理暗示还是偏向负面的。这可能也是阻碍这一类人就医意愿不怎么高的一个原因吧。这也是我在采访一个催眠师时才知道的，他还讲了其他方面的一些原因↓国内抑郁症就医现状https://www.zhihu.com/video/1174732825051516928,3,16
光影,抑郁自评量表，问的是一些近段生活身体心理的状况，比如饭量变化，睡眠质量，体重是否短期大幅度变化，跟人交往是否感到困难，自己一人独处的态度是喜欢还是害怕，等等。往狠了填就可以。不是所有正规医院的心理科都会那么细致入微的用各种仪器给你检查，我在我们省会最好的医院，也只是先跟医生咨询了一下，然后填了抑郁自评量表，最后电脑根据得分判断抑郁程度。,2,6
匿名用户,我不知道她是不是假装抑郁，我只感受到了你对她纯粹的恶意。有本事看不惯没本事去对线？你为啥不当面问她是不是在假装？哦对了，你要是这么来问我我绝对揍你，我是双相I型，嗯。气话说过，你知道SDS，SAS，MMPI，SCL90，艾森克人格测试吗，你知道MMPI有LFK来鉴定你是装病还是装好吗？你知道递质抽血生化检测一眼看过去就知道你生病没吗？不知道你就敢下结论医生是听她说两句就下诊断？拜托，心理学和精神科是正儿八经又精深的学科，不是你以为就对了的，请你保持一颗敬畏的心。就算是重度抑郁，你看到的表现多半也是反应慢一些，不爱说话，更不用说努力维持正常生活的中度和轻度了，她不想因为抑郁影响你们的关系和自己的生活，甚至买了东西希望和你们搞好关系，难受只有她自己知道，你知道这多么难得吗？你提这个问，是想看她寻死觅活割腕自残情绪失控跳楼自杀还是啥？做人正常点，哪来这么多傲慢与偏见。做人虚伪，看谁都虚伪,10,4
匿名用户,我已经在心里骂了题主千万遍，祝您一生平安。其实您挺像高中某个人的，因为我被诊断出双相的时候，她到处宣扬“心理医生都是有钱人看的，以及正常人进那种地方都是会被诊断出有病的，坚决维护我的病是装出来的”这一观点。希望题主您不是那个女生。各位，能举报就举报！不要多废话了！以下是原答案——————————————————————————————————我作为一个正在经历抑郁症苦痛的人现在因为不爱笑而被别人认为很假很虚伪再加上高中因为被一个女生陷害，被孤立导致的抑郁症，那个女生用我发病时狂躁的错误的认知行为来恶意孤立我，高中的事情也被大学几个人扒出来到处宣传我不知道活着的意义在哪儿而你还在这里恶意揣测她我只感到恶心无比的恶心你也尝尝你在坠落深渊的时候，得不到帮助的感觉吧,19,1
若只如初见,看了几个回答和评论，我想发表一下我自己的看法。有一个评论提到题主觉得她是为博取同情装作抑郁症，我自己的看法是这种在意容貌和身份的现象是因为抑郁症才引起的表象，我感觉大部分抑郁症患者多多少少都有自卑心理，所以才会需要关注来一遍遍证明自己其实没有那么差，而不是你所说的单单是为了博取同情装作抑郁。就拿我自己来说好了，我爸妈、朋友、熟悉我的人都觉得我这个人乐观坚强，事实上是我也被诊断出来重度抑郁症，而且已经服药治疗了，在此之前还有过一次自杀未遂的经历。你可以不理解，但这不代表你就可以不尊重他人，至少我现在看到的更多的是你的不尊重，希望题主能好好反思一下自己。,9,0
吃我咸鱼突刺,抑郁症又不是什么好东西，装他干什么。。。我记得我初三的时候被诊断为重度抑郁症加中度焦虑症，那个时候真的是想死的心都有了，差点就从5楼跳下去，把自己关在一个不到3平米的小房间里打开煤气呆了半个钟头，然后被赶回家的老妈像死狗一样拖出来，抱着我哭，说实话那种感觉真的不想在经历第二次。。就是有一种人生无望不如就此结束的感觉，直到现在我都不知道我当时脑子里在想什么东西，可能我忘了，或者不想我自己回忆起来，反正现在我已经想不起来了,8,1
一个伪s,知道为什么她看起来没什么问题就是因为不想让你们这样的人知道啊！你心情不好时候笑出来，卧槽我真坚强她心情不好时候笑出来，一看就是装的你很棒棒哦！恶意揣测别人，就别怪我不好好说话哦。。。,9,1
Jcxxxx,有一定可能，但估计装的可以被识破，或者只会被医生判断为抑郁状态等等。重度抑郁是装不出来的，真正严重的抑郁症患者，从你的眼神你的气质你的言行举止都能看得出你的灵魂似乎已经脱离了你的躯体。以自身经历来说：会先和医生沟通，建议我去做几项检查以及测评。测评会有测你是不是谎报的选项；检查做了眼动检查还有一个什么电位的（戴着头套和耳机，听到鼓点就点击一下按钮，挺久之前的记得不清楚了，忘了叫什么）当时我只怀疑自己是抑郁，心里很纠结，害怕真的得了抑郁症要用药物过活，又希望是抑郁症可以为我这几个月的失常做借口。最后结果眼动的那个医生说奇怪，为什么一个大学生会是这个结果（比正常值偏低，好像是和注意力那些有关）还有电位的那个报告我注意力和记忆力也偏低。这的确符合抑郁症的情况。我想 就算是测评做假了，做检查时也控制不了脑袋电位的反应吧…最后，抑郁症不是开玩笑的事，医生肯定是要结合多方面的检查才能判断是否真的得了这个病，至于题目中的朋友，有可能她是的确有中度的抑郁症，人前开朗活泼，人后消极落寞；也可能只是做了一些测评表现出自己有抑郁而已（医院的测评和网上那些差不多，但我觉得还是把一些物理的检查也做了才比较可信）。,7,5
脑炸空,首先你会向医生交代你的情况。然后医生根据你的描述会让你去一台电脑上做一些测试题，之后会出来一张单子，上面有很多指标，医生根据这些指标来确定你是否患有抑郁症，以及程度的大小。总之我去的一家三甲医院流程就是这样。但是我觉得按照这个流程假如你是轻度的甚至根本没病，但是你可能出于一些原因觉得自己病得很重，那么你在做测试的时候，你就会选择一些程度重的选项，那么出来的结果你就是重度了。所以我觉得也不是完全不可能，看医生负不负责了，负责的医生可能会说：从与你的交谈中我觉得你根本没这么严重。但是也有敷衍的医生，之后你花大笔的钱买药，医院又不亏。我当时是失眠十分严重有时又情绪波动大想看看医生拿点治失眠的药，跟医生聊了聊他就让我去做测试，结果就被确诊了。心里五味杂陈，拿了一个治失眠的药和一个治抑郁的药，花了一大笔钱，医生让我两周后再来，然而此后我再也没去过。大概是觉得吃药没能真正起作用，并且从小就打心底的排斥医院，也不想跟别人聊天说自己的事，遂作罢。所以也搞不懂自己到底有没有患抑郁症，也懒得去琢磨。如果有人想假装抑郁去医院被确诊，那我觉得ta确实心理上有一些问题了，认真的。,7,7
aneccentricmuggle,不太会。1）专业的诊断（书面/电脑测试）最终报告上含有对答案诚实度的评估。一张300题的调查，其中可能有大量的题目从心理学角度来讲本质相似但表达不同，一个没有经历过的人其实很容易给出前后不一的答案。2）心理医生比一般人拥有丰富得多的经验和知识，阅人无数。一个人或许能够装出抑郁症的症状、情绪，但是更多的时候医生观察你的认知能力、思维方式，后者长期来讲极难蒙混过关。3）很多心理疾病是有明显生理反应/生理指标异常的。抑郁症患者也需要身体体检来追寻病因，如甲状腺激素分泌失调等等。4）抑郁痛苦之深，若你能装到五分，（不管自己如何认为或者有相关意识）或许你确实本身也需要帮助。即使真是装病，这种行为有时被心理医生称为malingering，在现在医学上分归为心理疾病当中的一种（且有具体诊断手法和不低的发现率），病因包括长期情绪障碍、创伤经历等等，医生会根据情况作出诊疗。当然，在题主所述情况下，无论是抑郁症、各类焦虑症、恐惧、OCD、双向、schizophrenia等等，仅一些症状的描述或许根本不及病痛的表层，没有经历过的人，想要深刻理解并掌握任何一项心理疾病的表现本质实在是太难太难。5）为什么会想要假装抑郁？这个世界对抑郁、焦虑等等疾病已经存在太多的误解、偏见和批判，来自世人的质疑足以让最健康的人士身心交瘁，更不用说抗抑郁药昂贵且有时有非常强烈的副作用，物理治疗也同样价格不菲、费时且不适。装病者是否能够在每一次治疗后都做出毫无破绽的反应？是否愿意忍受治疗的苦痛？如果不是的话，就迟早会被识破。,8,0
花愚梦,我不是抑郁症，我只单纯从人的角度去考虑这个问题，也从一个情感比较自我的角度去分析。我在好几年以前看了一本书，《囤积是种病》。为什么看这本书？因为只要是属于我的房间、空间，就会布满我的物品。这本书的封套上写着：囤积症患者自治白皮书。我不认为我有病，但它引起了我的兴趣。越看这本书越有共同感，堆积物品的行为方式，不丢弃物品的糟糕借口，和造成问题的心理诱因。我，虽然很多条件都符合了，但我不认为自己有病，因为书上说了，判断是否有病的一条重要条件是，是否影响生活。每个人都会有自己害怕的东西，每个人也都会有自己寻找安全感的方式。囤积是我寻找安全感的方式，而它没有影响我的生活。我曾经推荐一个我很亲密的人看这本书，因为我想让他了解我，不再责备我的囤积，他嘴上说好，但却没有行动。我失落但不悲伤，就好像我看书看到一半企图治愈自己丢弃无用物品时一样，我试图丢掉一个自己保存了很久但是已经无用的眼镜盒时，我哭了，我不明白我为什么要逼自己，但我最后还是把它扔了，因为我还有理智，我知道它真的没用了，我那些企图保留它的理由都是书上出现过的借口。看书的过程发现了自己很多内心埋着的情绪，我想我能发现这些情绪，并能最终明确自己没有生病是因为我还有理智。但是，生病是没有理由的。有的人身体弱，有的人会锻炼，有的人讲卫生，有的人有缺陷，这其中的因素成千上万……而生病不是一件应该被猜测的事，治疗是这么多年以来人类的共同努力，所以，比起恶意的揣摩，不如过好自己的生活。,6,0
muke-c,1 在正规医院做的检查不仅有心理测评量表，还有一系列的生理检查，比如诱发电位地形图、心率、脑电波等。我当时做出来的结果是生理方面的确的存在异常，当然，有了这些也不能确诊你一定就是抑郁了，你需要和医生谈话，ta会通过你的状态来判断你是真的抑郁了，还是抑郁心境或者什么的。所以，如果去医院检查了，的确确诊抑郁症的话，某种意义上的确可以说明心理生理上最近出了些问题。2不是是个抑郁症患者都要跟题主认为的一样每天郁郁寡欢伤心欲绝以类洗面的。我也每天都跟我的舍友开玩笑，我也经常发说说，但这些跟我半夜失眠坐在楼梯上想怎么自杀并没有什么关系好吗，我为什么非得把自己崩溃的一面给别人看啊？3对于题主在身边（哦，是可能的）抑郁症患者努力过正常生活的时候，怀疑她是不是装的这种行为，我只想问一句，你的判断有什么意义吗？,7,2
智障大师,抑郁症不知道，因为我自己就是抑郁症，除了高考前几个月，也不算重，也知道怎么防止自己抑郁复发。。。。。。但是重度精神障碍的确可以，因为单位要搞一个高危项目，我姐想脱身，只好去弄一个重度精神残疾证明，不过确诊的过程可能会让你难以接受。她自己就是二级心理咨询师，除了平时接触的病人，家也里有精神病的长辈，学的非常像，所以一路过关斩将。最后只要住院两个月就能拿到证明。某东南沿海几十年知名的老牌精神科医院，对精神病人的住院治疗过程感觉到很绝望。见到的是，除了睡觉吃饭就是让病人在空无一物大房间挨冻，管理的根本不是正规医生是几个临时工，病人就是被抛弃的累赘，所有的针对病人的措施都是非常粗暴甚至野蛮的。住院部的核心要素是，让病人除了吃药和吃饭睡觉外不能做其他任何事情，不违以上原则，可以对他们做任何事情，反正一个重度精神残疾的人说什么别人也不信。很多的设施都是应付家属和相关部门检查的摆设，人前人后两个样。一种名为绝望的氛围在病房蔓延。于是第三周探视时候，我姐让我赶快把她接出去，办证大不了再想办法，免得没被辐射变异肉体被绝望病院污染了精神。跑个题，我觉得精神疾病没什么大不了的，有个被迫害妄想症的姑姑，除了医生开的药定期吃以外，只要一罐可乐+一根烟就能变回热心大妈，我爷爷有精神狂躁症，自从我带他打格斗游戏看拳击比赛好像就没有再犯过病了，直到去世。值得一提的是，精神科的药副作用是真的大，不过他俩比较严重，不吃药可能可乐和打游戏也缓解不了情绪了。至于抗药性，不用想那么多，我研究了一下，我姑姑可能活不到最大剂量都有显著抗药性的时候，反正我爷爷的确没活到那会儿……如果你要拿到有一定分量的确诊和病例帮你做一些事情，你在住院期间会被强制吃两个月药!我自己的确抑郁症了，时不时会有自杀想法，也会有整个人懒得动，对一切失去兴趣的感觉。但自杀的想法往往可乐+游戏就能释放掉，在高考前后最严重，生无可恋天天想自杀，估计是寄宿学校封闭后买不到可乐喝，上课玩游戏手机又被没收导致的。由于各种原因我没吃药，选择了更为艰苦的道路，现在看看可能吃药还好些。。。。高三那会儿差点就没了。。。。之后生活就是该干嘛干嘛，我当过施工员、策展人、音乐制作人、污水分析师，现在靠着卖自己的小发明生活（一些兽用营养品和药物），因为压力过大我容易变成废人状态，所以考研究生几次都没考上，但总算还是学了自己想学的东西。补充一些我除了高三天天抑郁症患者的心路历程，方便你针对性角色扮演：从前面的叙述看，我的抑郁症好像就这么被控制住了，每天该干嘛干嘛，就是让人有点精神状态不好。甚至因为听说运动对抑郁症有好处，报了武术班，每周抽一天和朋友们一起动动。。。。。身体不太好，我是学的最慢做的最差的，但是好像大家看我摔几下还能一起笑笑也不错的样子。即使生活好像很完美很充实很快乐的样子对吧 ，可是两个半小时前我在床上辗转难眠，还是感觉到越发的浑身无力，越发的万念俱灰，有自杀冲动的瞬间，我起床从冰箱拿出一瓶崂山蛇草水（我妈来看我时偷偷把我的一箱可乐换成了这鬼东西……不过好像喝习惯了还不错），一边喝着一边想想点个外卖缓解情绪，发现支付宝余额居然一份外卖都买不起了，瞬间又抑郁了，想了想也把饮料放下了，省半瓶明天抑郁时喝吧，倒了一杯白开水加了点糖，然后去翻外卖多么不健康+如何对抗抑郁症的帖子，两个小时过去了，世界都变美好了。如果现在是白天，这么好的状态我可能会去观察下我的实验样本或者背会儿专业书吧，又或者去吃份涮涮锅，跷脚牛肉什么的，哦对了没钱了，还是去看书吧。。。。。可能，等我到了老年，我还是得吃药住院什么的，毕竟我爷爷和姑姑就走在我前面，希望自己真的《重度精神残疾》了，可以被送到一个表里如一的医院去安度晚年，要是我孙子能陪我打游戏最好了，没有的话，我还是赶紧找个女朋友吧。。。。。。轻度的抑郁症和肠炎是一样的，犯病时候疼一下，需要转移注意力，转移注意力扛不住就吃点药。始终不知道自己这么乐天一个人，为啥会抑郁症，但是反正抑郁了，我就就当得了类似痔疮的东西吧，该干嘛干嘛，生活除了吃完了火锅就必须召唤马应龙没有太大区别，如果你不信，你严重痔疮持续两个星期，可能状态比抑郁症还废，持续两个星期了，可以确诊了。最后：看完我上面说的，你还想去装一遍以得到确诊么？有的话，保重啊！大兄弟!,5,0
匿名用户,我啊，经常散发光和热温暖别人但是不妨碍我越来越觉得世界能牵绊住我的东西越来越少了，舍不得的人和事越来越少了甚至觉得都无所谓了，甚至有毁灭现在拥有的一切的念头。只是想自毁，不会想伤害别人像我这种抑郁症最大的特点是：对待世界很温暖，却感受不到来自世界的温暖。因为我需要的燃料不是那一星半点的火花,5,2
妖刀暗月,你认为导员会没事陪人看精神科？,14,4
爱丽丝,装成正常人去看医生，一番追问后抖成筛，掩面哭成狗，你装一个试试^_^,6,3
麻烦鬼niako,看到评论一边倒，我其实也挺震惊的。可能这位题主触犯了众怒。不过我还是从客观的角度回答一下这个问题（原问题）吧。我觉得题主的同学还不能确诊为抑郁。去医院做scl-90等问卷，讲真的，只能推断这个人当下是否有抑郁情绪，而抑郁情绪和诊断为抑郁症是完全不同的概念。普通人心情很丧的那几天去心理门诊，也能诊断出中重度抑郁。量表都一样，医生也相同，开的药可能都差不多。什么意思呢，就是说，如果题主看到这位同学的诊断书，上面估计没有写抑郁症，可能写的是抑郁情绪。作为一个心理从业人员，我看到过一些有抑郁情绪的人，内心希望自己能诊断出抑郁症的。（希望我这句话不会触犯众怒），所以题主的怀疑也不能算空穴来风。最后，时隔一年，题主，你同学还抑郁吗?,4,4
KKK,抑郁症也已经成为知乎（微博）的政治正确之一了，容不得质疑感觉是在乔任梁死后，开始更多人重视这个病重视是件好事情，起码少了不少觉得他们是无病呻吟的人，病这种东西有时候人真的控制不了的但是，现在有点矫枉过正，只有一搬出说自己抑郁症，如果继续对这个人的话有质疑或者语气重点就会有人批判，说你不了解抑郁症就不要乱讲等等类似的话而且，有些人并不是真正抑郁，话说挺大一部分人根本就没有去医院确诊，只是偶尔的情绪低落就自己认为自己有抑郁症再话说，即便有抑郁症又如何，其他人也没必要惯着你吧，我如果就是看你不顺眼，就是对你怀疑又如何，你又不是我的谁，我没有义务事事为你考虑的,14,8
流云Reborn,是不是女生宿舍里都会有一个像题主一样喜欢恶意猜测和中伤别人的婊？“我不知道题主是不是装的（反正我觉得题主是个婊）”你看，我也可以这样猜测你，而且我还连带攻击了女生群体，并且声明我是猜的我不对我讲的哪怕一个标点符号负责...请不要将你个人对别人的怨气，通过某一借口导向给一个群体，然后通过众口铄金来群攻别人,5,0
匿名用户,你知道一个抑郁的人去医院得鼓气多大勇气吗？一个人最大的恶意不外乎如此，给自己打着正义的旗号，认为自己没有错，行极恶之事。虽然我不清楚我是不是精神病，我怀疑我有抑郁症，也可能是躁郁症的这个时候，上知乎搜到了这个问题，不自觉地就想流眼泪。我要是心情没这么低落，一定会想弄死你。,5,2
鼓浪韬,题主是不是觉得一个抑郁症患者，居然长的比你好看，课外活动比你丰富，社交圈比你广泛，会跳街舞，还能跟同学打成一片，很不可思议。,5,2
偏执狂,很有可能，我觉得我曾经去医院检查小姐姐就是问你一些问题我就是回答的消极了一些吧（那段时间处于辣鸡恋爱期）后来医生再问问啥的，就给我开药了两个星期的药，一共大概六七盒总价八百多，接近九百我tm一个穷学生，真的是超级后悔药吃了接近一个星期，觉得没什么卵用后来就没吃了只是超级心疼我的钱钱 现在我觉得，这个东西，就像我看星座信息一样，看到啥都像我自己精神医生对病人，再怎么都会觉得你有点压力大，抑郁之类的所以我再也没有去过精神科了。。（我去的是比较好的医院，我见到医生的时间不超过三分钟，所以我现在才不信的）,3,4
曳尾涂中,如果医生没有完全了解到题主叙述的情况，那么在5分钟结束的门诊里，得出一个“X度抑郁情绪”的诊断是正常的。但是如果继续讨论，这个问题就很高能了，一般人都不敢接招。而且有个初级的问题是“X度抑郁情绪”并不等于“抑郁症”的诊断。所以医生下的结论并不算有什么问题。这种问题吧，我自己遇到过的也不止一例了，比较麻烦。如果对方用了一点抗抑郁药物自己好了，那皆大欢喜（其实心理作用更大）。而如果对方换了各种药都不见好转，甚至状况越演越烈，那么这个是很不好整的，我的思路呢都是推荐直接用丙戊酸钠，减少对方的各种胡思乱想，强行扭转对方的三观。,3,1
胡巴爸爸,好像你是抑郁症就得自残自杀，不去自杀就觉得你很正常，装的。抑郁症就不可以想要活下来嘛，也许是对一切充满绝望感，内心的自我挣扎，那些自杀的抑郁症患者也许是重度的，那中度和轻度也可能发展成重度的。没有一个正常人会跟你说我有抑郁症，要么是装，那也是希望得到关心和关注。还有的不说，是觉得说了也不会有人信，觉得自己才能救自己，还有的更严重了，做好了向死而生的准备。别对抑郁症患者说，你不是抑郁症，你会好的，也许这种反向思维并不好用。,3,1
裏町夫婦草,总有些人觉得医学没门槛，又蠢又坏,3,0
庸人恋厥,      因为某位明星因为抑郁症去世之后，抑郁在媒体和营销号的大肆宣传大众所熟知，更多的人们了解抑郁症的同时，也出现了一些奇怪的现象，比如很多人把自己情绪低落或者和男朋友吵架的伤心救人为自己得了抑郁症，甚至有的认为这很酷，是一个可以和别人吹嘘一年的噱头――我得抑郁症的那些年。     我曾是一名抑郁症的患者，没有人比我更清楚这之中的痛苦：我每天晚上都会失眠，需要大量的服用安定帮助去睡；我需要每天吃稳定神经的药品才保证自己不会被情绪左右做出出格的事情，副作用是记忆力衰退，反应迟钝；我每天躺在床上，面对着天花板发呆，再也没有激情拿起我心爱的画笔；我有时候会来着窗外，看着如同一潭死水一般世界几次做出了跳楼的举动……       每当我看到有人因为日常生活中一点的悲伤就决定自己得了抑郁症或者拿抑郁症吹嘘的人我都会感到很气愤，我无法理解这些人的想法！我希望大众对于抑郁症可以有一种正确的意识！他不是你心情低落不想做事和他人吹嘘的理由！更无法假装！！！！！,13,1
陪着走饭去旅行,我18岁，抑郁症已经五年，后来严重到家长受不了把我关进精神病院，医生开精神病药给我吃？？后来越来越严重，人不仅一直增重而且很呆，后来我去了深圳康宁医院，医生说我是双向情感障碍，也是抑郁症和焦虑症的组合，不是空口无凭就判断对你是什么什么病的，而且我也并没有精神病。现在技术发达什么病做几个检查一目了然也不存在说什么装不装的，没必要而且装的了一时装不了一世，因为抑郁症还是慢性病。你看看这么多演员得了抑郁症他们不都是照样笑着，哦那肯定又有人说那是演技太好，哎，不懂我们的世界就不懂吧，不需要让不想干的人来了解，我这次病情又复发了接近一个星期没有吃饭，一直恶心作呕，头疼，24小时基本在昏睡，偶尔看知乎的心理方面知识，希望抑郁症病人都越来越好 感恩。,5,3
悕霂晗,你不信就不信呗，事实又不会因为你的不信而改变。我本人也是一个重度抑郁患者，在下定决心去医院后平静的接受了自己的病。我已经不想和以前的朋友有任何接触了，看到微信和QQ很多人问我去哪了，于是在空间和朋友圈都发了诊断书，向大家告别。我无所谓他们的评价，因为我做好了准备。空间里的评论全是怎么可能，别开玩笑，一股子的怀疑，甚至有人问，你不是喜欢汉服吗，可是，这和我的病有什么关系呢？我生病了就不能有感情了吗？就像热依扎小姐姐，我完全能理解她，我们只是生病了又不是犯罪了为什么要藏着掖着？至于抑郁的一部分原因，是因为自卑。而为什么自卑，则和某些女生处处刻意刁难有关。你不能笑，笑是装可爱，如果说了你你觉得委屈，那你就是小人长戚戚，至于她们看你越难过她们越开心因为她们“坦荡荡”。多交了几个朋友是你喜欢混，被她们说到自闭想安静一会，那一定是你人缘差，人缘差一定是因为你人品坏。我好像就是题主说的那种人，我空间只有很装的内容，我想装的开心让大家都以为我很好。我也喜欢迪奥的口红，在高中的时候被别的女生说虚荣。我经常给学姐发糖，因为她们都很宠我，而我自己喜欢吃甜的，因为会让心情变好。可是我再努力也掩盖不了我的病。曾经我也以为是我自己的问题，我比她们更讨厌自己，用自残来惩罚自己，也想过自杀，每天活的人不像人鬼不像鬼。直到我有一个机会，逃离那个画圈为牢的地方，看了更大的世界。我知道自己没有错，我知道只要做自己原来就可以被很多人喜欢。我也知道，这个世上的恶意从来没有减少过。如果被答主说装的那个女孩能有缘看到这个回答，希望你不要像我一样，听多了别人的言语就丢掉了自我。好在，朋友圈里全是安慰的评论，他们彼此看不见，这是我一个人的秘密哈哈。,2,0
Xin,你自己去医院试下不就行了。既然你认为对方拿到抑郁症诊断书有什么不为人知的好处，让你那么羡慕嫉妒恨，那你也去如法炮制一下呗，如果成功了，你也就平衡了，如果失败了，那至少也说明你自己的演技技不如人不是！？其实我挺希望你能真的得上抑郁症的，亲自体会一下，也免得别人多废口舌。不过很可惜，你不属于易感人群。抑郁症患者是那种把微笑和安好留给别人，把痛苦留给自己的人。很多人病到自杀，前一秒都是笑对大众，甚至有人的遗言都是风淡云轻的说一句，我有病我去死了你们别介意。不知这样的人，怎么惹着你的利益了？她得病，她发朋友圈，她给大家吃巧克力，伤害到你了？以致于你要这样去揣测别人？你应该属于那种把别人逼到痛苦的不行，却在一边笑称：＂我开个玩笑而已，你怎么这么小气，这点玩笑都开不起＂的人,2,0
烟酒诗妓,想起来我被确诊重度抑郁，并被医生要求必须通知家人且考虑住院治疗时，我爸在电话那头跟医生吵，他说我的女儿我最了解，他从小就很乐观活泼坚强，这个世界上谁都会得抑郁症她都不会，至于你说她会轻生那更不可能。我记得那天那个医生，失去了她作为一个医生的理性，跟我爸说你们这样的父母就是祸害。你看看，连你的亲生父母都理解不了，还怎么去奢求别人理解抑郁症患者呢。,2,0
匿名用户,你想多了除去病人自述和量表测试还要做其他电子仪器测试的然后医生根据你的综合情况进行诊断请不要把抑郁症和矫情事儿逼划等号，ok？,2,0
我只爱西瓜,如果单看自评量表（百度就有）的话，里面的问题和选择都有明显的象征性（强迫，焦虑，抑郁，偏执……），当然能自己作假。——————但医院诊断可不是只靠这张表。,2,1
季淮,除非你觉得你的大脑能骗得过脑红外仪器。,2,4
hypocrisy,生理上能测出来的，有一款药叫百忧解，5羟色胺再吸收抑制剂这类药物叫ssris药物，类似的还有舍曲林，我高中学的理科，常见的神经递质还算认识。医生能通过生理测试，来证明你有没有说谎。ssris药物的副作用很大，会颤抖，心悸，还有嗜睡，发胖，为什么知道这么清楚，因为我就是患者。痛苦程度我就这样告诉你，我宁愿自己得的是癌症。不了解还是少评论吧。,3,8
林慕庄,不会别说是医生了，稍微读过点心理学的人都能看出你究竟是说假话还是真话的。前段时间我半真半假的和一个喜欢研究心理学的人聊天说自己的问题，他都是笑着说别拿我玩笑了，看吧，真的能看出来的。只是在给你留情面不让你难堪而已,3,2
匿名用户,首先好奇题主如何得知该女生找辅导员陪同去医院，和检查出来有抑郁症这件事。其次，无论是否假装有抑郁症，跟你有什么关系，值得你WTF，去质疑别人?再次，你不太了解抑郁症，知乎上有很多问题可以让你去了解，你可以搜索 抑郁症 相关，也有不少答主说了，抑郁症并非整日表现地我抑郁我绝望我不想跟任何人说话交往等我曾是中度抑郁症患者加植物神经紊乱。神烦有人说 你怎么会得抑郁症呢 这种话说这种话的人大多不了解抑郁症以及不了解对方这个人题主你哪怕了解一点抑郁症，或者对那个女生有一点点好感，你都不会这么问。你可以先搜索资料，了解抑郁症，再想，那个女生在你看不到的地方，肯定有不愉悦的心理历程而不是在这里WTF把你的好奇放在其他地方，把你的恶意收回去。建议题主不要在现实生活中和别人说你的疑惑，万一以讹传讹，你差不多就是造成该女生二次伤害的罪魁祸首了。最后部分是我的个人经历。可不看。最后，简单说一下我自己。我曾经自残，脑海中曾经有挥之不去的自杀念头，意识到了不对劲，上网搜了一下，觉得自己可能得了抑郁症。但是没有人会觉得我会得这个病。他们觉得我很爱笑，傻乎乎的，跟这个完全不搭边。我跟一个朋友，交流过很多话题，直到我小心翼翼地说，我可能心理有点不健康，可能有抑郁症，他说，你别想太多了，别给自己加戏了，你就是想太多而已。经历了大概三四年的时间，我才鼓足勇气对一个朋友这么说，但是他不信，我无话可说。大三的时候，觉得自己要撑不下去了，每天临睡都觉得自己第二天会去自杀。鼓足勇气去校心理咨询处咨询，结果傻逼老师给我做了一个测试后，认定我有重度抑郁，必须通知我的家长，但是在谈话前，她自己还说，谈话内容绝对保密，在告诉第三人之前会经得我同意。结果，未经我同意告诉了我爸爸。不过也无所谓，我爸跟我妈说，怎么可能呢，她怎么会得抑郁症。后来一个人去医院检查还好啦，中度抑郁，植物神经紊乱明明看的是专家号，却有一堆病人，还有两个助手（或是实习，我也不知道）医生挤在同一间房里，要面对着一窝不认识的人对着面无表情的“专家医生”讲述自己的症状。还是省三甲医院。医生的处理办法就是开药。我说，我不吃药，医生就让我走了，说，下一个。于是另一个人再穿过人群，坐下，说的内容，在场的人都能听见。没有隐私的病人，习以为常的医生。我一直都知道自己也许得了抑郁症，但是拿到诊断就像被下了判决，似乎意味着我就是和别人不一样，我不是一个正常人。我站在公交车上，慌乱地想找人帮忙，想获得一点安慰，但是又害怕被安慰，好像那也证明了自己的不正常。我发了同样的文字，给我以为会理解我的人。我说了诊断结果，然后说我没配药，我自己会好的。我亲哥哥发了一个表情和一串省略号，我忘了是什么表情，反正意思是他知道了。没有下文，自此也从未过问和关心过我这方面的事情。我好闺蜜只是不停地说，检查错了吧，怎么可能呢，你不像是这种人啊。现在已经痊愈，大概。,12,8
差点忘了,题主改了两遍问题了，我不知道你提这个问题什么意思，但你对那个女孩绝对有恶意，她要是出事了你也跑不了查不出来的医院不仅会给你做什么测试题他还会听你的心跳你做题的时候在你手上加个夹子（类似心电图?反正我那时候是看他还连着一根管子接着仪器）做题你可以故意选坏的，但是我觉得像心脏或者说身体内部给的反应来说装不出来,12,12
匿名用户,看了下评论，好像我比大家的都严重，好多年了，想自杀过无数次，痛苦的时候伤害自己觉得肉体很舒服，还有好多别的方面; 今天看到这个突然想去看医生了，眼泪不自然地掉下来,1,1
木木,你以为人没事会让导员陪着去看精神科？多说几句去医院，医生会先了解你的情况，然后让你去做一个心理测评然后重点是，这个心理测评并不是你一个人在那里做，而是一个特定的房间，由另一个医生操作电脑，把题目和选择念给你，让你去选择。然后你的题结束后医生会再答几道由医生自己作答的题（题目的内容我不知道。但是我猜测应该是关于观察到病人状态的问题）总而言之整个答题过程中病人的状态是一直被观察的。并不是在门诊医生那里演一演就可以随便给你一个中度抑郁的诊断。另外题目方面也会有很多陷阱（许多心理测试都会有这种“陷阱”的测定，比如说同一个问题换种方式问，同一个问题多个角度问）以上为个人就诊体验，欢迎专业人士补充。说一下其他方面的。关于看病：就像我开头的话，谁没事愿意让辅导员（重点）陪自己去看精神科？知乎上就有相关内容，大学里被学校知道了自己抑郁症然后被各种刁难甚至劝退，搜一搜就可以找到。答主当时被吓得不轻(눈_눈)高中看病之前是在学校做了很久的心理咨询，最后心理老师让我填了一个抑郁症初步的测试，之后建议我去看医生。大学也是先在学校做了咨询，然后被建议去看医生的（虽然最后没有看）做完咨询以后咨询的老师表示需要和辅导员聊聊，我就同意了（当时还没有在知乎上了解到刚才讲的那些。）结果我从咨询室出来，去对面食堂吃了顿饭，也就是四十分钟后回了趟宿舍，听室友说辅导员满世界找我。吓死我了有木有(ಥ_ಥ)我肯定不希望室友知道的（她们也不知道或者有什么猜测但没有说出来）（顺便想知道题主从哪里得知这个同学中度抑郁的）后来去辅导员那里签假条辅导员问需不需要陪我一起去，我拒绝了。可能因为辅导员是中年男性而且和他不熟，而且我本来就不希望被知道这件事，所以觉得很不开心(;_;)不过最后慢慢好一点了而且我又不想吃药所以没去。这是上学期的事了。再讲讲抑郁症的感受吧。题主你不是那个女生的室友。站在我的角度的话，隔壁寝室这种关系装的很正常甚至很开朗并不是什么难事。但是实际上抑郁最严重的时候，不知道怎么和你形容那种感觉。整个人都像梦游一样生活着，对一切都失去了兴趣和正常的反应能力。说通俗点，我整整一周（大一的课又特别多），除了两节重要的实验课和一节数学课以外，全部翘掉。特别嗜甜，吃多少甜食都不够（状态正常的时候甜的吃多了就会很腻很难受，但是那几天完全不会）三天干掉了两大袋甜奶粉。（因为甜食可以促进多巴胺的分泌，而抑郁症可能存在的生理因素就是多巴胺无法正常分泌。我觉得那几天嗜甜可能是这个因素。）最重要的是，社交方面的。没法和室友正常交流是肯定的（不过我们寝室关系也不是特别特别亲密，对于我这种冷淡她们可能察觉到但是也可能并没有关注。另外我也会用睡觉或者出门这种方式来回避一下交流，因为不想让她们知道）另外我发现那几天在QQ微信上和别人交流都特别吃力，非常普通的聊天都会让我费半天力气，自己想说的话怎么都组织不起来，特别累。感觉自己就像是在语言表达能力上出现了严重障碍。不过也不是完全不能交流，只是特别费力。好吧……说了这么多废话只是想告诉题主抑郁症并不是你想象的那样，随便就能被你观察到真实的那一面和真实的内心。我这也不是真正的抑郁症，抑郁症的人这些症状持续的时间会更久。而我是因为生病+经前综合症+前一阵严重失眠造成自己突然出现了这种抑郁状态。再加上我和抑郁症斗争过很久，比较有经验，问题严重的时候知道怎么第一时间寻求帮助，所以很快调整过来了。这种状态持续了一周，但是这一周也让我生不如死。我只记得那几天每天早上起来自己总是万念俱灰，对生活的一切，学习，社交，甚至单纯起来活动一下都觉得非常困难（抑郁症患者严重的时候会丧失基本的生活能力。当初门诊医生问我“生活能不能自理”的时候，我母亲还觉得非常好笑。但是真的经历过才知道，真的有可能演变成连生活都没法自理）所以题主你只是看不到这些，所以觉得不可理喻罢了。别怪很多人怼你骂你，没有体会过你就永远也不知道，你的无知的揣测有多伤人，哪怕只是一个知道真相的旁观者。,1,0
fanirior,我为了让家人朋友安心没有抑郁症。我不是双相！！！也没有狂躁。我现在还来看看这到底是不是能装的？？？？？我病耻感这么重。他妈靠着意志力熬了五年。最危险的自杀阶段活生生熬过去了。真的是心大。咨询老师和精神科医生都说我个体意志力强，也会主动求助。最近我崩不住了。之前每天都得发今天不开心然后再发一个我要赢了自己的朋友圈。还和医生聊了下病耻感。朋友陪了一年我都没开心。我还跟他们道歉我真的不开心啊。道完歉一身轻松。朋友们也好的不行，说还是会陪我。妈的这能装我他妈就能安慰朋友了！！这说明。不是我们生病受不了。是爱你的人受不了这种病所以他们极力否认。反正以后谁不理解我就发脾气。只有医生为了判断诊断会关心你的想法和感受。我也不想要病耻感了...也不假装会开心了。谁想试试每天控制不住喜怒哀乐来回切换。心累个半死，还有人说你矫情。我保证一个礼拜都受不了。,1,0
孔袖俍,每个抑郁症患者都是带着一副面具生活，看上去她过得很好过得很正常，但是她过得很不如意总是不顺心找不到活下去的理由，她看不见希望她只能带着面具，这样你们就会认为她很正常，至少你们不会时刻提防着她会某天自杀。至少她能走的很安详,1,0
应秋林,题主的提问方式是很讨人厌，带着一种主观的臆测。       但是看答案越多就会越觉得其实临床上是不是真的有一个标准能够mark出这个疾病，如果不能，是有合理的理由怀疑对抑郁症的诸多关怀可能是社会对人类情绪做出的冗余反应。        有没有大神有介绍相关社会调查文献啊？这个控制变量来界定是否抑郁的实验设计的方法应该很有意思，希望有人介绍啊。！,1,0
摆渡人,看了这么多回答，我只想说，这个问题本身就是好奇，然后就看到一群杠精说，哇，你不能这么说，抑郁症患者多惨，我们天天想自杀，我们才不可能是装的，BUT，作为一个周围抑郁症患者朋友比较多的人，我只想说，与其你在这里证明，抑郁症不可能装出来，倒不如聊聊抑郁症的可怕，亲眼见过一事儿精拿着医院开的诊断书请假，然后晚上酒吧蹦迪约pao，抑郁症是那种深入骨髓的绝望，并不是这种没事儿证明一下，我得过抑郁症，我知道多可怕，你才不会知道的键盘侠。,1,2
状状,我觉得题主只是可能在问医生确诊抑郁的方法。我一个朋友抑郁，我第一反应是会不会是误诊了。然后我就会有和题主同样的困惑,1,0
alexzhang,抑郁量表的检测是有测谎成分的，装是装不出来的。,1,2
祝北方,你是不是不知道有多难过。你真的好坏啊。,1,0
山色,医院会有脑功能检查，以及身体的各个机能检查，这个不可能骗人的，装不出来。你这让我想到一句话“昨天安慰我的温暖天使姐姐，今天就自杀了”,1,0
巷子深处有陶然,抑郁症没什么应该有的样子，别拿你自己的想象框住我们。这让人感到冒犯，屈辱，恼怒以及恶心。,1,0
哈哈哈,题主这种人肯定不会抑郁的，情商太低，活着不累,1,2
未来的kimutaku,当然可以,0,0
裙带菜大使,你就个屁？你懂个jier？你知道明天晚上得磨蹭两小时以上的时间才能入睡第二天还有一天的课的痛苦吗？？在公共场合二话不说泪水顺着脸往下流还躲躲闪闪的不让别人看到。每时每刻戴着面具，脸上笑嘻嘻，心里黑漆漆，整个人都要分成两半了。还就想知道？我就想知道人的脑袋突然没了血能不能涌到天花板你的脑袋借我一下呗？,0,2
燕知惜,"量表做做功课就能过，我一个重度抑郁在学校的量表测试里还是“毫无压力，积极乐观”面诊可太难糊弄过了，我第一次去医院和医生聊了两三句就开始哭，从头哭到尾。后来换了一个医院换了一个医生，这次好点，哭了一半如果能糊弄过的话，我觉得大概做演员都可以拿奥斯卡了吧|･ω･｀)（戏言）但是据我所知，很多医生在诊断的时候是只看量表的，那可就不好说了,,Ծ^Ծ,,如果“小明”没有用抑郁症来要求什么，或者她根本不多提这码事，那就还好。如果这成了她要求你们的理由，多半是假的个人观点，个人观点",0,2
360用户,要是找一本临床心理学/精神病学的教材，提前看一遍抑郁症的症状、诊断标准，预习一遍抑郁症量表中设下的坑（严格来说是排除掉装病的那些组件。并提前演练多次，制定多种预案，再穿上白大褂，去学校附属医院以“实习抑郁症的诊断”为名义，仔细了解抑郁症病人的心态、逻辑、身体、语言，最后看一下抑郁症和双相障碍的区别，那应该还是能装出来的。但还需要表演功底。君不见即使是演艺圈，演技也不是各个都专业。,0,1
Virus,佛了，你以为医生就问问你有啥症状，心情怎么样，做个书面调查？,0,0
十三,你没感同身受过  医生确诊也不是听你说说  测试题很神的  你夸大状态都能看出来,0,0
Hhw,看到大家都在喷题主觉得好开心哈哈哈哈哈哈,2,0
lorraine,。,1,0
嫻胤,我觉得不会，就算是很聪明的人假装抑郁，但他总归不是抑郁患者，否则我觉得检查不出抑郁来的，抑郁症患者和非抑郁症的人是不一样的，内心的痛苦其实是不能感同身受的，就算是模仿也是模仿不来的，所以我觉得被诊断为抑郁症其实本身就是有抑郁症的,1,0
朝花夕拾,不会。医生看病不是只根据你口述，还有综合你的眼神，气色，表情，表达等等。医生每天接诊上百个病人，长年累月，经验丰富，你是真病还是装病他们一看一听就知道大概。还有，不要以为抑郁症好玩，抑郁症是精神类疾病，大脑器质性损伤，后遗症一大堆，最严重的是记忆力受损。这个病一辈子都无法根治，时不时会复发，发作时你呼吸一口这世上的空气都会觉得极度痛苦。张国荣，乔任梁都是因抑郁症而死。你了解了这个病，才能了解抑郁症患者这个群体的内心，就不会再想着去假装了。祝好！,1,0
丫蛋,真的会有人认为抑郁症是假装的。一个实验室35岁的男博士，对着25岁的女硕士破口大骂，你得抑郁症怎么不去死。甚至还跑到导师那嚼是非，说假装抑郁症，博同情，好工作量少，早毕业。。。他妈的，那个女硕士就因为真的是得了抑郁症，机动能力差，不怎么做实验，好吗？关他屁事,1,2
武陵人,可以，某新一线城市的三甲医院，电脑上做选择题，几乎完全根据患者的主观意愿判断，尽量往抑郁那方面靠，我稍微留了一手，结果是中度抑郁，如果调整下状态认真装，重度抑郁应该也不是问题。总之如果是那种整天想着逛街拔草的人说自己抑郁，当他在放屁就好。如果是曾经试图自杀的，就当他是空气，不要和他产生交集。比起装抑郁的人，真抑郁更讨厌。,2,0
JNK DOG,很多没有精神病的人都会被精神科医生诊断为精神病。区区抑郁症，不是小菜一碟？,0,0
橘生淮南,我一个舍友，她男朋友一和她分手，就跑去医院，叫医生给她检查，然后一套体检下来别的啥毛病没有，就弄那个抑郁症测评表，发下来就往消极了填，然后搞出个中度抑郁症然后，就借舍友的号去告诉她男朋友说自己有抑郁症哦，你不和好就是要她去死哦，然后百试百灵。,0,0
匿名用户,那按照你的理解，一个看上去一切正常，爱跳舞，唱歌，打扮自己，深受很多人喜欢，爱笑的人，打死你你都不相信他会有抑郁症？那么张国荣你也不信？三毛你也不信？你怎么不想想，也许人家抑郁症是真的，爱跳舞唱歌才是装的呢？——————————————9.24更新看了前面回答，有几个人信誓旦旦的说可以。不知道她们是真的去医院做过检查，还是是精神科的医生？我去医院诊断的结果如下除了自测量表，还有脑电图检测和抽血。关于GABA功能，贴上说明。还有知乎上关于抑郁症诊断的说明，好像是一个精神科博士的回答。所以那些信誓旦旦说假装可以的，你们的依据从哪里来的。自测量表可以作假，难道你还能自己改变自己神经系统的物质？ @胡胡 ,10,2
匿名用户,其实我是想看看多少人也和我在努力对抗抑郁。我真的很难过，但是我和朋友在一起大家没人看的出来。我乐观积极脾气也很好。我还常常开导别人。可是我很过，自杀的念头一直有。如果说生这个病是因为不够坚强。或许吧，从我小学的时候开始呢。因为残疾被全班同学欺负。年级老师围观或许是那时候留下的阴影吧。可是长大的我很安静不做坏事脾气也好。从不与人争执。你说我快乐吗？我有做错什么事情吗。我有好朋友，她们都理解我并且陪伴这我。可是我也还是努力和自己做这抗争。,6,0
匿名用户,作为一个曾经骗过五个心理医生会诊的人……来说一下吧具体因为什么事就不说了，反正最开始的时候我是一半真的痛苦，一半自己想把自己拖进抑郁的深渊，那段时间也确实出现了诸多类似于头痛食欲不振的症状，但最多属于轻中度抑郁症的症状，而我的目标是重度抑郁症，所以剩下的全靠装。我开始一半真一半假地每天面无表情精神恍惚，对外界发生的事情感知很弱，沉浸在自己的世界里，动不动就一个人哭，状似不经意地让别人发现我拿着刀子在手腕上比划，为了真实，还真的在手腕上留下了深深的一道刀口，并且刀不离身。然后，写日记，日记写得很癫狂，字迹凌乱，内容就是怎么吓人怎么来，什么幻听环视全写上，并且又要不经意地让别人看见。以上考验演技，但是之后更考验演技。果然，我的目的达到了，之后我去了三个医院诊断。第一个医院，从一看见心理医生就开始不停地哭，也不说话，并且注意眼睛一定不要和医生对视，盯着墙壁或者天花板，说话断断续续，反正中心思想就是“我很痛苦”，把自己的症状说得往抑郁症那边靠就行了，但一定不能让医生觉得你对抑郁症很了解，反正这个度你自己把握。哭诉完了之后，心理医生就让我坐到电脑前做题，就是心理检测的那几套题，说实话市面上流行的这些题完全属于一看答案就知道选什么，但这里注意，一定要对抑郁症有深入了解研究，因为这些题里还混杂有其他精神类疾病的症状，如果你选了很多抑郁症本不应该有的症状，那系统就会判断你是装的。这次检测结果出来了，重度抑郁＋中度焦躁，我很满意。于是来到第二个医院，很多东西贴你头皮上用电脑检测脑袋里的状态，这次大概因为有些得意忘形，再加上那些天吃好喝好玩好睡好，所以很可惜，只得了一个抑郁状态的结论。没关系，最后一个医院才是最关键的。如果有人想在这一关也骗过电脑，我的意见是提前两天就开始不吃不睡，并且不停回想自己最伤心自己最害怕的事，把心情调到一个最低谷的状态，那差不多就行了。终于来到最后一个医院，在这次诊断的前天晚上我就熬了通宵，并且第二天没洗脸刷牙也没梳头，脸色很差，但精神还不够恍惚，我应该提前两天不睡觉的。我努力调整心态，进了办公室，抬起眼不经意地扫了一圈，妈耶，五个医生，考验我演技的时候到了！别人说话的时候我一直低头看地下，然后该心理医生说话了，他叫了我两声，我才慢慢抬头，瞳孔散开散开，像看他又没看他那种，医生一般提问两三次我才回答，并且回答的声音很小，语速很慢，并且时不时地眼泪就大颗大颗往下掉，我记得医生提了几个很坑的问题，就属于普通人或不太了解抑郁症的人绝对会答错的那种，但我有惊无险地避过了这些问题。大概问了接近二十分钟吧，后面我表现得很疲倦了，医生也差不多诊断完，就叫我先出去一下，五个医生商量最后结果，所以我在门外保持状态等了一阵，最后得到诊断结果，重度抑郁症！我心中狂喜但面上不表露丝毫，一直低着头，在出了医院大门后我才敢真正松了口气，tmd，这大概是我这辈子再也不能超越的演技了。——分割线——评论区有朋友说我的语句会让抑郁症患者感到不舒服，我想了想，大概语句有点满不在乎的感觉？说实话我也不认为抑郁症是什么大病，我懂抑郁症那种身不由己的感觉，但我希望抑郁症患者们也不要认为自己得了抑郁症就怎么怎么样，你们和普通人没什么不同，心灵上的感冒而已，严重点就是重感冒。条件允许的话可以去一个小寺庙或者道观住段时间，陪着师傅念经读佛，早起看日出听鸟鸣，夜晚微风习习，漫天星子，感受花开花落云舒云卷，没条件的话也可以看看佛经，对病情会很有帮助。“色如聚沫，痛如浮泡，皆悉空寂，无有真正。”另外就是我的这些经历非典型性，其实一般抑郁症的检查在同一家医院就可以检查完，也只进行第一二步，第三步的话实际上和第一步差不多，我的第一步和第三步的区别就是，第一步是心理医生，第三步是心理专家，而且会诊，就是为了判断我到底是不是装的。一般患者检查的话心理医生也不会觉得你会装病，毕竟没事儿装抑郁症干嘛，不过具体也分医院吧，有的医院负责任点就检查得比较详细，不负责或者没条件的医院只进行第一步也很有可能。,11,48
匿名用户,长久的压抑——怀疑自己抑郁症——希望自己抑郁症（所以我这不是因为懒惰，然而自己知道这样是逃避）——去医院想证实——两家医院都非常不靠谱，诊断结果是抑郁症——到底是不是抑郁症？就是这么个情况，我现在也不知道自己到底是个什么东西，每天活得像狗，丧失自我。连自己到底为什么这样都搞不清楚了。去医院也没用，根本诊断不出什么，谈话不到五分钟就结束了。当然也怪我不会说话，医生问的问题实在不知道该怎么答才是真正符合自己。在春雨医生找心理咨询师，打了很长很长一堆字，将自己的情况全部真实说出，然而也没得到什么有效结论。乱七八糟讲这么多，，就是想说去医院也并不是那么行得通，什么仪器测量都没有，只问你几句话加量表，反正我去的两个三甲医院都这样。还有就是，不断暗示自己抑郁症，会加重情况，不论你之前是不是抑郁症。这是我的真实经历与感受。另外，我这样的情况都觉得痛苦不堪，更别提实打实的抑郁症患者都感受了。题主的舍友是不是抑郁症是人家的事，你关心这么多干啥呢。总是觉得没有讲明白自己想说什么，表达能力是个硬伤。。,5,31
匿名用户,抑郁症不是光靠问诊就能诊断出来的，有专门的量表，测试，如果怀疑是实质病变的话还要做机器检查。量表测下来有数值，就是用来判定测量结果的真实程度的，医生根据这个来看测量是否有效，可不可以作为诊断依据，再综合病人的状态，表情，行为，下诊断。脑内病变的话，更不可能装病了。题主内心黑暗到令人作呕。,5,0
匿名用户,为什么又那么多抑郁症患者突然放弃自己？就是因为有你这样的人。因为你看不惯人家，所以认为她是伪装。你了解过抑郁症吗？你了解过一系列的检查流程吗？你以为只是简单的几句问话就可以确诊吗？你知道抑郁症患者四下无人的时候是怎么面对黑狗拼命挣扎的吗？你知道你们在努力生活的时候，她在挣扎活下去吗？你知道她每天为了像一个正常人一样有多难熬吗？你以为她不想放声大哭把所有的崩溃传达给每一个人吗？ 她想的，她想告诉别人她病了！她在向外求救！如果不是一个人扛不下去了，她怎么会让人陪着她去检查！就是因为有你这样的人！她们已经喊出来了她们很不好需要帮助！就是因为你这样的人！觉得是矫情！是演戏！所以那么多人死了！求求你们了，放过我们吧。如果不想救我们，就离的远一点好不好！不要再不断把刀子捅在我们身上！为了维持正常的生活已经很难了。真的很难了。我也不想每天不停地社交，我每天笑起来也是在为难自己。求求你，放过我们吧。,5,0
匿名用户,不知道，可能可以。我抑郁症那会去医院，一开始科室有很多病人，我在等，因为人多，我表现还蛮正常的，他们人都走以后，只剩我和医生两个人，因为这一年撑了太久了，想到终于有人能够拯救我自己，能让我不用保留的说出自己的痛苦，然后我就控制不住自己了，无法抑制的掉眼泪，然后就一边哭啊一边说自己怎么了怎么了多痛苦多痛苦，但医生听的也挺心不在焉的，一会进个电话聊一会，一会点点电脑，我说了好多好多，他就嗯，嗯，嗯这样啊。我还挺失望的，因为和我想的不太一样，我还以为可以对我进行心理辅导这样子呢。我说完以后，就被领进另一个科室，那里的医生打开电脑，让我做题检测，测完以后，告诉我我得了中度抑郁症，然后我再回到原来的科室，那位医生给我配药，然后我去取药，就结束了。所以我想，大概你只要表现的痛苦点，哭一哭，完全没问题的,5,1
LtotheL,撇开题主中对别人的臆测，其实我也很好奇医院如何诊断一个人有抑郁症的，除了心理评测量表还有没有别的客观的检查。我就是想问这个问题，才搜到这里的。但看了下面一堆人的回复，我觉得得抑郁症虽然不能说骄傲，但却是一件很安全的事，因为我有病，我就有理了。我在想如果题主加一句“我才是真正的抑郁症，不能接受那种人的假装”，不知道走向又是什么样的。。。刻薄一下吧，有些人吧，得抑郁症之前，也不是什么有教养的人。。。很久以前的答案了，自己都不太记得，果然有些人还是会跳出来，给大家真实演绎一下火车站广场有个人假装孤儿在那里要钱，有人说你是真的孤儿吗？你说说你的情况证实一下。于是旁边一群真的假的所谓的孤儿跳出来说：你永远无法体会孤儿的苦。谁有家愿意假装孤儿啊。。。我只能呵呵了。。。恰恰是这种质疑，才是对真正的孤儿的保护。而这群义愤填膺的是些什么样的人，大家都看的清楚。。。,9,11
匿名用户,题主以为假装抑郁有什么好处?是装可怜博得同情、受人照顾、不用念书还是显得很酷?上学的时候有学生装感冒胃疼请病假，体育课有女孩子装来大姨妈躲长跑，你怎么不把这些也搬到知乎里提问?我不明白你们对抑郁症的恶意何来，就因为你觉得抑郁症的人太多了，尤其是知乎上?感冒发烧的人一年四季都有，没见谁义愤填膺吧，也没有谁质疑别人：“你的感冒是不是装的?”“说自己感冒的人怎么忽然超多，这些人太矫情了吧。”有些人的心里多阴暗呢。是不是以你之见，抑郁症的人合该躲在角落里一言不发，残疾人也不要出门上街，乖乖在家待着才对?那些你以为负能量的东西，就算藏起来也不代表不存在。倘若和你们这种人同样心理，我是不是该说，你们这些人肚子里的垃圾就不能憋住吗，为什么要说出来影响别人心情?“怎么现在满大街抑郁症，一言不合就心理疾病，太矫情了吧。怎么满大街都是瘸子，一言不合就坐轮椅，太矫情了吧。”但愿这种恶毒的话，你说着心里毫无负担。只想到这些，在这个人人标榜特立独行的时代，抑郁症他妈的也能成为（某些睿智眼中）受人追捧的潮流?得抑郁症就是跟风?简直心理变态。,6,0
匿名用户,题主。你这样改问题良心不会痛吗。看到这样的问题轻喷了一句 竟然被举报了。呵呵。,4,1
匿名用户,在这边我一个学心理的尽可能回避所有和抑郁有关的问题==所有自己见过的量表都平衡分数==装没抑郁症都失败了==我感觉--装病比装没病还难/微笑回国之后看,4,4
匿名用户,只想问，对题主来说，假如你舍友并没有抑郁症，而是“仿冒其症状骗过了医生”，这对你的意义是什么呢？,4,0
匿名用户,我第一次去看医生那状态简直了当时看病的人很多，还有人加号，医生就说她从早上看到现在完全没有休息一听到她这话我瞬间不想看了我感觉医生好辛苦，我再找她看病让她更辛苦太对不起她了然后一个人跑到诊室外面哭思维都扭曲到这种程度了，医生看病本来就是她的职责。。。看病的全程情绪都在崩溃的边缘，极度自责，感觉对不起医生最后医生直接开药了。。。如果你能装到这个地步，那真是影帝了,4,0
匿名用户,国内抑郁的诊断不就是这么武断吗？2333评判的标准一般就是你的陈述和量表，那些其他测试一般都没有什么用啊，甚至有些医生还会为了赶时间不断打断你的陈述并试图强行给你定性普通抑郁(。-ω-)想被诊断抑郁简直不要太容易，不过一般你也就只会被诊断为抑郁23333,4,0
匿名用户,"看到大家都一个劲儿说题主恶意的，那我来说一点不一样的，其实社会到处充满了恶意，不用道德来审判谁，只是客观地回答问题，我有认识一个人，吃安全剂量的安眠药假装自杀过，用来威胁家里人，恩，医院医生问了TA几个问题, 比如，你有没有过忽然很难受的时候？你有没有过想死的念头？TA回答了有，被诊断为患有抑郁症，还开了药，当然药TA是不会去吃的，因为这货根本没有抑郁症，这货本人就是坚决认为抑郁症不是病的，经过这事TA更坚定了我从未得过抑郁症，无法想象自己会得抑郁症，身边也没遇到抑郁症的朋友，我认为虽然不能感同身受，但应该尽量用善意去理解别人。无论如何我保持中立，不知为不知",4,0
驰恩,不知怎么的，看过之后就莫名的也想说几句题主没长大吧，该多读书了！！常识啊！21世纪新青年的常识啊，我们蛋蛋后都知道怎么回事，你居然不知道奥，对！还不清楚题主您多大呢，说您小了，就觉得家教真差劲，随意在背后揣测别人，真想替你爸妈教育你。说您大了，又觉得中国的未来堪忧啊，居然有这种人。我去，十八线小县城的学校现在都有专门的心理咨询室了，每周还会普及相关知识，我不知道题主是怎么长大的。嗯，就这样，不服来喷,7,1
Hesitation,我抑郁我看起来也很正常 我社交能力挺好的 我每天在熟人面前也很逗比很爱笑 我也爱美喜欢买衣服化妆品 这些关生病屁事 不要拿你的恶毒思想揣测别人好吗 ,3,0
匿名用户,不会，因为医生会从各个方面问你问题，而且抑郁会有躯体化的（应该是这样的吧），像我发病时会全身发抖，脑子嗡嗡的，满脑子想着一些话，我记得我做的自杀评估是18分，医生说超过10分就非常严重了。抑郁真的不好，所以当你的身边人有抑郁症时去陪伴，不要觉得有什么神经病啊，无病呻吟啊，就是作等等，其实她也想好起来的，只不过控制不了自己的思绪罢了。,3,5
匿名用户,emmm 先不论题主说的那个女孩子但是我就是抑郁症嘛但是你们敢相信嘛！！！我的前男友竟然是被我的沙雕气质吸引到的！他说他觉得我超有趣！！大概大概也不一定看上去很快乐的人就真的很快乐吧不过我也挺想知道假装的能不能查出来,3,0
花清盈,真的抑郁症患者不被认为是患者，反而被贴上“矫情”的标签，不被理解，不去求医，病情不断恶化。假的抑郁症患者被认为是患者，骗取了一些同情。以我的价值观来看，2 的危害相比于 1 真的是忽略不计。就算真的是 2，那又怎样呢？善良一点吧。所以啊，我觉得像猎巫行动一样去分辨“假装抑郁症”的人真的没有必要，而且很容易造成误伤，发生 1 的情况。哦，翻了一下问题历史，题主根据“分巧克力”这件事证明社交能力没问题。我觉得这证据严重不足。,3,0
耳边风,我来歪个楼……抑郁情绪不等于抑郁症，真的神烦有的人自我判定抑郁症（真不知道这个有什么好跟风的）。。。。。。深深地建议有抑郁的情绪后怀疑自己有抑郁症就积极地寻求专业帮助，不要受量表啊甚至是一些网络测试的诱导（我没有说错啊就是诱导，我做过，这些东西主观的因素太多了，心情不好的时候做动辄中轻度抑郁啧啧啧）再加上自己的主观臆断就断定自己是抑郁症，这样真的会引起大家对抑郁症的反感，尤其是有些不是特别了解抑郁症的人（比如说我），会误解真正的抑郁症患者。我认为，有这样心理和行为的人，你可能不是得了抑郁症，但你应该是有一些其它的心理问题，好好搞搞清楚，对你自己好也对他人好，，不要坑了真正的抑郁症,3,5
匿名用户,单纯回答问题我想说是有这种可能的，因为我之前去珠海三甲看，诊断就是有抑郁症，但是我问了医生没有其他的诊断手法吗？因为我前几年去过深圳一家医院看过，还有脑涨落啥的，各种数据，看起来非常科学，然后医生告诉我，目前世界上是没有专门科技手段能测出抑郁症的。那些都是骗人的，基本就是医生诊断。我就问医生那这样其实挺不科学的呀，他说没办法，但是他们也有自己一套方法来判断的。但是根据题主的提问，我想说看一个人有没有抑郁症从来都不是看表面怎么样，可能我今天出门化个妆，一边化一边还是心情很差想着什么时候得个癌症死掉就好了。又比如说我就在路上，一边听歌一边看小说，但心理想的就是好想死，什么时候来辆车撞死我就好了。所以看一个人有没有抑郁症从来都不是看表面。也许表面看上去笑嘻嘻，实际想着好无聊呀，好想死。,3,0
Vanish,真正可怕的不是疾病本身。而是不理解它的人对患者的盲目疏远、敌对和带着恶意的主观揣测。题主，你可以不理解你同学的疾病，但是请不要用你的恶意去伤害她，更不要在背后说她闲话。 我其实更愿意相信你问这个问题只是出于好奇和缺乏这方面了解。如果你真的是恶意看不惯你同学所以才这样想她，那么我只能说身边有你这种人是抑郁症患者最大的不幸。,3,1
匿名用户,客观来说，如果真的对抑郁症非常了解并且演技勉强能过关的话，应该是可以的。不过我想说的是，正是因为生活中有答主这样的人存在（是的我的生活环境里也不乏答主这样的人），我在抑郁症复发后的这段时间里，偶尔开心时在人前表现出来都会有顾虑。在人前情绪低落时也很不知所措。因为我怕答主这样的人会说: 你看，她现在不是能笑能跳的吗，什么抑郁症装的吧。或者:又开始不说话了，有那么难受吗是不是装可怜啊真是矫情。,2,0
书不能读太多,你试试呗,2,1
匿名用户,因为你这种人多了，所以抑郁的人就多了。其实都还好，你认为是怎样的就是怎样的，顺着你的心意挺好的。,2,0
匿名用户,不请自来。希望题主不要跟我这种讲话直的人计较。像你这种人就是心理阴暗，见不得别人得罪你或过得比你好。本人自认为理解和分析人的行为比较准，你说的情况主观因素太强，她跟你八成有过节，你观察她很仔细，她的生活状态你很了解，这肯定不是因为你关心她，而是差不多是变态的心理，喜欢窥探别人隐私罢了。建议题主多看看哲学及心理学的书，尽量让自己阳光起来，这样对你好，也对你身边的人好。,2,0
匿名用户,我强烈建议题主去查了关于抑郁症的资料和去问下心理医生，再来提问。你如果真是仅仅想知道抑郁症可不可以假装，为什么不去问专业人员，而跑来知乎？还有，说我们骂题主过分的，我想说，明明是她先恶意满满的，为何不准我们怼回去。如果你是得抑郁症的那个女生，你看到知乎上有人这样说自己，会不会给你造成二次伤害,2,0
匿名用户,我好想骂题主，但是我忍住了。毕竟题主这样想的生活中千千万万，大环境下，理解题主这么想。真的很累啊无论是抑郁症患者还是双相障碍，还是其他。题主可以不关心，但请不要这么怀有恶意。,2,0
eomelon,"我同意一部分回答中说的：抑郁症有些情况下的确不是仅仅从外表上就能看出来的。对于忧郁症的测试，我想也应该是多方面的，我记得罗夏克墨迹测试，就是一种可以看出被试者抑郁与否的测试之一。当然这个是从人格的角度上来说的，毕竟这是一个投射型人格测试的典型测题。我再查阅墨迹测试中，也提到了隐匿性抑郁这种病症，但是我还需要去问问老师或者查阅些资料才能做更深层的解释。曾经有一个人问过我说什么叫躁狂症。虽然现在我还是没办法回答上来，毕竟我还在学习当中，但是我知道，躁狂症和抑郁症也是有可能联系在一起的，甚至是交替出现的，所以，可以看看你的朋友是不是有躁狂症的反应，也是抑郁症判断的一种方式。但并不绝对。如果我找到了新的知识点或者内容的话，继续来添加~référenceMichel Foucault, &lt;&lt;Médecine mentale et médicine organique&gt;&gt;, in, Maladie mentale et psychologie, PUF, 1954. (extrait) ",2,2
夜猫君,想太多了，。你会在疑病那一项有超级高的得分，,2,3
兔小米,去医院真的很容易被误诊，目前没有什么方法可以确诊抑郁症，只能依靠量表和医生的经验。但是简单的对话，目前精神科的医生不多，都是应接不暇的，我之前去了一家医院，就交谈了半个小时左右不到，要求做量表我拒绝了（量表比较偏主观性）他后面说我是恶劣心境，临床抑郁症的一种。后来回想起来，可能是他问话的时候，我在哭泣吧，没有及时回答他，他以为我是默认了。他问我，一天下来是不是抑郁的时候比开心的时候多，我不知道该怎么回答他，因为当我工作的时候是这样的，辞职在家后又会好很多，又加上自己在家的时候，情况会好很多，只是到了晚上特别丧，这些我说了，当时没有正面回答是或者不是。他问我是不是感到抑郁的天数比没有感到抑郁的天数多，确实是这样的，我回答说是，而且我之前我也告诉他，我这样的情况蛮久的了，久到我忘记什么时候开始。他告诉我是恶劣心境，当时他说是抑郁症的一种的时候，我还以为是他在唬我，后来一查确实是临床抑郁症的一种。恶劣心境，重性抑郁症的慢性形式，又称微笑抑郁症。跟雪莉一样病。只是我不太认同，他也没说一定得吃药，说吃这种药不一定有抗抑郁药那么有效（他不是说是抑郁症吗）而且会有副作用。我不认同是因为我平时性格是非常开朗的，也比较爱笑，只是长期处在绝望的境地里而已，只是有的时候很小的事情会诅咒自己死掉而已，只是有的时候觉得死亡也没什么的而已（实际上也确实没什么2333太奇怪了，一边开朗乐观像活宝，一边又处在人生毫无价值的绝望里。（应该补充一句：我是真的觉得开心，而且容易感到开心这个情绪，所以我觉得我不像）但我始终不认同我是抑郁症，也没打算再去看，能过好当下就可以了，现在打算辞职，一工作就把自己折腾得人模狗样哈哈哈，希望2020能对我好点吧。,2,7
匿名用户,我觉得可以，如果你事先看过大量抑郁症相关资料和书籍的话。下面是个人看病经历，当然不是医保太多去医院专门好奇研究的。这段发生了些事，连同我们的行为一样不按常理出牌。我喜欢的达西先生病了，轻度抑郁症，我也病了，轻度躁狂，外加睡眠障碍。但我总觉得这段的他特别可爱，就像他发我的小肥柴表情包，卑微的小肥柴，轻佻的小肥柴，难过的小肥柴，还有嚣张的小肥柴都有他的影子，于是顺理成章的给他改了这个个名字。后来有一天逛街，他对着商场里的花花世界特别牛气的说了句，买一个，因为我有钱啊，我大笑，骂他傻逼，又想给他取名叫买一个，好像也不错，起码现在的买一个是为数不多能带来快感的事情。上周末，我们一起去医院，当地顶顶有名的精神病医院。起初只是想找一个陪他来复诊的理由，顺手就给自己也挂了个号。当天晚上他告诉了我一个小秘密，说他晋升成功涨工资了，很有钱。我一听可开心了，好久没听他一本正经的犯贱了。于是两个人一晚上看了场电影，吃了顿日式烤肉后还作死拉着我去开了间房——做足浴，嗯，有钱真好，躺在足浴店的沙发上又看了场电影，痒得我差点笑背过气去，夏洛特的烦恼，我们也有烦恼，但起码这会我还能笑出来，他也没再想哭，唯一的遗憾是他没能满足我找个男技师的梦想，原因还是一样粗暴，谁掏钱谁说了算，所以他找了个女技师，好在没我的妹子漂亮。第二天一早去医院，雨特别大，不过没事他说他有钱，打车去的医院。我们俩的门诊室是分开的，我好奇医生会跟他说啥，就问他能不能进他的门诊室旁听，他大方的同意了。站在走廊里门口候诊的时候，我一动不动靠墙，观察来来往往的行人，如同他们一样猜疑的打量我，到底里面有几个正常的人，不知道。小肥柴在来来回回的走动，不停的问我这里面是不是很热，我看着他汗津津的脖子默默拿出了从他家里带出来的一大卷纸。帕罗西汀的副作用让本来就爱流汗的他每天都像在整桑拿，什么时候摸都湿漉漉的，我已经懒得回答他关于气温的问题了。他擦完汗扔完垃圾后学我背靠大理石的墙站着，凉快多了，挺好，这下是两个傻子了靠墙罚站了。轮到他了，医生说的也挺直接的，是个不断试药的过程，一种药吃个一个月病人如果反应没有效果那就尊重病人的意愿，换一种药试试。用小肥柴的话说就是那就接着吃药呗，也对，好像也没有其他办法。不知道成了这段我们对话的口头禅，很所事情都是不知道，很多问题的答案也是不知道，了解的越多，越是能感觉得到这种情绪病带来的被动的无力感。试图找到原因，又小心翼翼，找了一圈最后更觉得自己也太垃圾了吧，这比不知道更难以让人接受。后面轮到我了，在我的门诊室，医生是个男的，先做了几十道题的睡眠障碍测试，又去隔壁楼做了脑电图，心电图，又是一堆精神类疾病出诊测试，临时缺一个家属协助测试，大意就是自己眼中的我和别人眼中的我。叫他那会这人正在走廊椅子端端正正坐着闭着眼，只差打呼了，一巴掌拍醒了拉过来，走，冒充我家属用一下。拿到检测结果的那会，上面写着轻度躁狂，外加重度睡眠障碍。出门雨还是很大，碰到好几个家属拉一个语无伦次的大爷也来做测试，我不怀好意又略带恐惧的想，这应该是重度了。走了几步路，小肥柴用撑伞的手肘怼了我一下，吓我一跳，刚出的神被拉回来，“你干嘛”“我就是故意的”“神经病.....“怕是一个疯子和一个傻子的组合。接着又是门诊医生的一堆问题和一堆药，好在今年的医保还没花完，这下可以不用担心用不完了。看完病，各自都领回来一堆药，也好，现在谁也不用笑话谁了，正真的半斤对八两，也不用担心对方是出于同情还是喜欢了。但我出了医院都没搞懂我回去了哪些该做，哪些不该做的，用小肥柴的话说就是只管吃药就好了，原因不重要，没有几个人能说明白，我在内心反驳，等我回去了就得看十本相关的书，就像我看关于他病情的书一样，哎，我不会最后看完一堆资料之后把自己整成一双向障碍吧，隐隐的担心，那也太惨了吧。下午在他家睡了一觉，竟然都能睡着了，起来除了头疼和背痛，精神状态还可以，已经不太想打人了，但还是会幻想踢沙袋一百次。本来提议去爬山或者逛大学，一出门有个人又开始涔涔冒汗就转道去了有空调的商场，逛了一下午家居店，一个饿的不行，一个完全没有食欲，一个排十分钟队就没耐心再等下去了，一个发呆都能呆好久。最后找了一家铁板烧，我大方地说这次我请，他傲娇的说：”不行，谁让我这么有钱呢“说完顺带故作神秘得跟我说了个秘密：”我妈上次过来看我啊，跟我说了我家的存款，比我想象的还多啊“我两巴掌拍过去，胖子真是手感好，连响声都那么清脆悦耳。我只能弱弱的说，”那...上次送的花好看吗？不让我请那就等着收一个月的花和水果吧”“还行，那就再接着送吧“”成交！那要不送你一盒爸爸糖？”“哎，什么?再叫一遍””......&#34;晚上厚脸皮的在他家蹭了一晚，洗完澡出来他还在忙工作，看得出来只要一用到注意力的，这家伙就约等于弱智，来，乖，摸摸头.然后没过几分钟，我洗澡前吃药就开始有反应了，最开始是看不清手里的吹风机，感觉自己前后晃的厉害，吹到一半好不容易走到沙发跟前，发现满屋子的东西开始飘动起来，我大惊跟他说：你家东西好神奇，会动哎，你快来看看”努力睁开眼想看清楚些，就是看不清，懵懵懂懂听见他在说赶紧坐下，别摔倒了。至于怎么躺到床上去的，记不清了，只记得有拿起过手机，结果发现手机屏里的字一个个都在四散开来，别说打字，连识字都难。然后就是早上被闹钟叫醒了。半夜没有任何醒来，也没有梦境，甚至连多年起夜的习惯都消失了，真是神奇的一晚，就是早上起来头还是疼的。这真让我感到恐慌，醒来后只记得零碎的某个片段，至于自己中间做了啥，全都不记得了。好在，他昨晚帮我把手机充好了电，虽然他那会还以为我是清醒状态的。约了半个月之后一起去复诊，希望不要这次的试药能有点点效果，不然也太对不起承受的这些副作用了。还是要做两只快乐点的小白鼠啊。对了，今天白天上班，我忍不住告诉他，昨晚看音乐喷泉的时候我就不开心了，不是在发呆，是在吃醋，因为一下午碰到好玩的东西都会拍照跟别人聊天，我生气啊但又不知道怎么发火，我不打算像以前一样憋着了。结果他跟我说那是他妈。。。。鬼才信，除非他答应管我叫爸爸。,2,0
匿名用户,天哪，人家只是问有没有这样的人，评论下就这么多答不对应标题的人来喷题主，他说什么了？竟然还有人说嫉妒？，？？？嫉妒，抑郁症？？？？难道你觉得抑郁症很光荣？？怪不得，我告诉你，抑郁症就是小学文化的人就有，我们镇，我认识的就有两个得抑郁症，正儿八经的抑郁症，一刀一刀划在自己手上，嫉妒？真正抑郁症的人连看到这种标题都心烦还有心情怼楼主，我猜下面要有人来怼我你根本不知道xxx，不懂xxx，不好意思，我有强迫倾向伴随焦虑抑郁倾向，一个强迫倾向都让我痛苦到不行，我根本无法想象抑郁症有多痛苦，我真切的希望自己能有一个完善的人格，好好的过下去，至于谁想要抑郁症求你快拿走吧，不要来找我，我想以后的生活的快快乐乐的，去想去的地方，努力过日子，去恋爱，去看这个世界,2,5
尘待,一个个连发生了什么，为什么要装病原因都不知道就大放厥词，一朵比一朵白，人家问问能不能装成功，一个个认为题主好像在说自己装病，认为自己可怜，就破口大骂。且不说这些回答里面有几个是抑郁患者，喜欢带他人打抱不平的那种人肯定也混迹其中。我认为所有病人都一样，都是需要关怀的，但是我愿不愿意关怀看也看生病的是什么样的人，平日就尖酸刻薄的人还是敬而远之。我同学就干过，我是同谋。题主没有冒犯诸位病人的意思，只是想知道可能性，有些人这么咄咄逼人，不会有助病情的吧。,5,18
匿名用户,从被舍友怀疑有抑郁症到被诊断被抑郁症的我，现在还在思考我是不是抑郁症，还是我装出来吸引身边人的注意，有一个可以发泄阴暗情绪的光明正大的借口。不熟悉我的人，觉得我超级开朗活泼，天天笑。可是上一秒我心里还在想着要不要冲出马路被车撞死。题主，我不知道你提出这个话题的真实想法是什么，但是你没权利这样恶意揣测一个人。尊重别人，尊重自己，谢谢！,2,0
Nina,不需要带着恶意想题主，我们公司有一个同事，装抑郁症的原因是劳动合同期限快到了，病假拖到合同期满后离职。然后她就照常找了下一份工作。我之前病重的时候，生理反应是呼吸很困难，别人看到我经常打哈切，就是打一个哈切那种深呼吸才让我觉得舒服。一到晚上就厉害，需要坐着睡觉。看恐怖片或去了黑暗的地方，待一会就要跑出去喘口气，就跟刚跑完1公里似的。还有没有食欲，但是怕饿是必须要吃饭的，吃两口觉得不想吃然后就把饭扔了。还有感觉没有七情六欲，就是觉得应该笑的时候就笑，所以皮笑肉不笑。幻听不明显，一睡觉就有人摇铃铛，让人睡不着。如果你学出来，去医院是可以诊断的。,1,1
薄荷少女透心凉,当我抑郁没有发作的时候，我觉得自己很正常人没什么两样，该吃吃该喝喝，笑的比谁都开怀，有精力有心情去做任何一件事情。可当我抑郁发作的时候，我只想要死，绝望痛苦，生不如死。抑郁症不像其他的病，如果你头疼胃疼什么的，你和别人说，别人都能明白理解那种痛苦。可抑郁症，没有任何一个人能够理解你的痛苦。也许白天打扮得漂漂亮亮和你一起吃饭逛街，看起来阳光快乐积极的人，夜晚却留着泪吞下一片又一片安眠药才能安然入睡。恩，这就是我啊。就是因为像题主这样人太多了，所以我才要继续努力地去装呀，装作自己很好，装作自己没病。虽然得抑郁症并不是我自己的错，但是为了不被嘲笑不被讽刺，还要继续装作自己很好。最后再说一句，我不是要求大家都去关爱理解抑郁症患者，我只是希望最起码大家不要去冷嘲热讽，去说他们矫情，无病呻吟，去用异样的眼光看待他们。谢谢，这就是对于抑郁症患者最大的尊重了。,1,4
zzc,以我身边的情况来看:几率不大。某学长因为主修课程和辅修课程时间冲突太多想withdraw(话说这词咋翻译比较好???)掉辅修专业，强行装抑郁，未果，后延迟毕业...某同学因选修课期中崩掉想withdraw这门课，据说去医院填了个表，医生告诉他他没事，未果，后重修了这门课...如此例子还有不少...所以如果谁装成功了告诉我下经验吧，讲真这对学渣来说妥妥的护身符啊(手动滑稽),1,0
一卿,且不说题主是不是对那个女孩子有嫉妒心理 如果一个人得了抑郁我觉得你们同在一个寝室就应该去理解她 而不是猜忌. 有一次我同学无意间在我手机看到了我有测试抑郁症的软件  她直接说抑郁症就是心情不好 想寻求别人关注的人找出来的借口 得抑郁症的人早就自杀了云云.. 听完这番话 我就只是笑笑没有说过  转身把软件就删除了  我真的不敢想象如果她们知道我有轻微抑郁 她们会怎么看我.0  我想可能跟题主一样的想法吧  所以我尽量外表装得很正常 该笑笑 该喝喝  不过心理斗争要非常困难才得去勉强完成.  所以题主还是理解一下你室友吧,1,0
张之行,这本是一种别人无法理解的痛苦，为什么会有人那它来包装自己…这是值得炫耀的事么？我不懂。,1,0
匿名用户,其实 我感觉我真的有抑郁症，无论是每次做测试还是生活 我都感觉的到自己的压抑，无论是怎么样的，但是 并没有任何人能感觉到 我的任何问题，我是个很悲观的人，对任何事任何人都不喜欢抱有希望，其实我是个希望独处的人，我不想与人接触，我宁愿自己宅在家里，我宁愿自己住在一起，但恋爱的时候，我会很依赖对方，我知道最终结果是分手，但我还是死心塌地的对对方好，就是明知道跟你不可能，但因为是你，我还是愿意用尽力气，结果，很呵呵，然后自己陷入极端的痛苦，删空所有的东西，拒绝跟别人交流，不喜欢吃东西已经很久了，不明白为什么吃饭，也不明白 生活的意义，但是我依然会对别人笑，对别人好，毕竟我还是得活在这个无聊的世界。  我想说   一切真的无所谓 ，反正 我自己始终一无所有。,1,4
匿名用户,讨厌一个人其实不需要找理由的。,1,0
叶子,突然想起最近很火的一个问题：人言有多可畏。,1,0
匿名用户,演得好的话应该可以。但是这个比真抑郁装正常难，第一是要按照常规抑郁的标准来演，所有行为不能有矛盾的地方。想装正常要知道正常人什么样——这个比较容易。想装抑郁，就要了解抑郁的什么样——这个就有点难，抑郁对人的影响是全方位的，想在大夫面前装抑郁，有难度。第二是如果真拿到了抗抑郁药，普通人吃了会极不舒服，胃肠副作用大，手开始抖，眼睛快速跳动，莫名自信……基本上不会忍受超过三天。最后问候题主。,1,0
匿名用户,题主想表达什么我不清楚，但是抑郁不是你们想象的那样，不是矫情造作无病呻吟强说愁，是真的，非常非常折磨的一种病。希望不要再有人拿这个开玩笑。有的人今天还在和你们说笑，可能明天就不复存在于人世。其实并不想提到这些东西，好像大脑生锈了卡死了完全没有办法运转，行尸走肉一样什么都不会主动去做，被别人推着走，甚至怎么样都没有反应，好像生活在另一个维度里，或者说，不存在于这个世界上。害怕别人问自己怎么了，因为自己也不知道怎么说，明明心里知道对方的善意，可是不好的情绪控制不住就撒在对方身上，看着别人关心自己却被自己冷漠，很难受却说不出。希望一直一个人待着，清净，也不必回应任何人。可是，又很害怕很害怕一个人，其实就是空虚得要死。时常会出现幻听幻视，走在路上走着走着就感觉自己要晕倒，可能在座位上坐着就突然晕眩，闭上眼，脑子绷得神经快要断开。于是就会想也许死了就轻松了，活着有什么意思，都是煎熬，还拖累那么多人。也一定还有很多人巴不得自己去死吧。突然就很想哭，可是连哭都只想一个人哭。浑浑噩噩一天又一天，不知道自己要什么，有什么。真的很害怕后面的每一步，没有未来，看不见明天。其实心里很多话，只是不知道说给谁，只好自己咽下去，最后什么都不会说了。一定要强颜欢笑，一定要镇定自若，一定要看上去很开心很开心，没心没肺的那种开心，就不会有人看穿自己。害怕别人知道自己的情况，要么被玩笑说成是故作姿态，要么被看做是奇怪的人然后敬而远之。活着就是一种负罪。生而为人，我很抱歉。—————————————————————————不知道为什么很多人对于抑郁症有一些很奇怪的看法，觉得得抑郁就是高冷贵气什么的，然后打着这个牌子以显示自己活得有深度清高自许。但是绕回这道题目来讲吧，确诊抑郁不是光靠几个测试的，那样的确可以装。事实上，还会有生理的一些检查，心电脑电之类的，这个装不了的。而且真的不要以为抑郁就是自己作，不要以为抑郁没关系的只是心情不好很快就会好。曾经试着把自己的情况告诉别人，得来的回答无非是:“就你还抑郁了呢？那我也有。”“每个人或多或少都有精神分裂的，没什么的。”“你就是不想上课了吧，这个月说去医院请了那么多假，下次我也试试。”“自己调节调节就好了啦，没有什么事的。哪有什么病嘛你自己想多了。”我想说几个故事。第一个是我的一个朋友，重度抑郁，双相障碍。前一天还和他聊天聊得好好的，第二天我给他发消息时他刚刚从抢救室出来。凌晨的时候他一个人喝了药。现在我都害怕，万一哪一天没有这么幸运了，会不会再也见不到他了。第二个是外校的一个学妹，双相障碍，我看过她割自己手腕的照片，我理解这种行为，但是我不知道怎么样帮到她。最后是我自己，从确诊来我妈妈一直看着我，晚上就睡我床上的那种小心翼翼的看着。但是往往都是我习惯性失眠到凌晨，她早已支持不住睡过去。一天半夜，我实在是难受到不行，悄悄拿了藏在床头柜的美工刀打算割脉自杀，还没有划到动脉，只是在腕上划了很多道伤口时，我就突然哭起来，因为我看见我妈妈在身旁熟睡的样子，我很想告诉她让我去死我才会好过，可是我又不敢告诉她，因为我知道她绝对不会同意的。然后我就一个人起来把伤口洗了让血凝结了。好像什么都没有发生一样，第二天清早像平时一样起床。关怀，对我都是负担。如果你们身边有抑郁的朋友，不要和他们说上面我提的那些话，因为即便吃药吃到麻木，内心却总是敏感。好多东西没办法解释，如果不能陪伴，最好远离。,1,1
黄某某,友善度不要了:关你屁事。,1,0
哭砂,不要把每个人都想那么阴暗 确诊抑郁症自己内心比周围人想的痛苦多少你是无法想象的 不是每个抑郁症每天都把不开心写在脸上 不要怀揣一肚子恶意去揣摩别人尤其是抑郁症患者 你的每一句话对她都是实质性伤害 就是凶手 抑郁症患者如果不想喜形于色那你是发现不到她内心的痛苦的我真的特别特别想让那些诋毁抑郁症患者的人变成抑郁症自己感受一下是不是他所说的那么轻松 我也就只有个这么恶毒的愿望了希望抑郁症的我和你终有一天能摆脱这种不是人的日子 祝好,1,0
走马灯,我刚检查出来精神分裂症，说实话我也惊讶，我自以为是双相障碍,1,13
杨怀鑫,    我是双向，我平时没什么看的出来的。我们都怕被贴上标签，所以我们在努力表现的像个正常人。     一种莫名的心里让我们表现的像正常人，生怕被认出来。每天高度紧张的精神，一般也不想对他人提及关于病情的事（自己相当信任的人除外）。我在学校里，我也只是笑着淡淡的和舍友说过两天我可能会有点奇怪，也并没有搞的那么悲伤。    你这种看法真的搞笑，不了解，就贴个标签。强行别人是装的。这种逻辑也是6。,1,4
mang gu,吃人家巧克力嘴倒是一点也不软,1,0
寄星云,这么和你说吧 我在大学里抑郁严重那段时间天天喝得烂醉  而我在舍友面前永远一副嗨的不行 爽的不行 逗的不行的样子他们不知道每次我喝完酒都会躲到被窝里偷偷的哭  还曾试图在寝室的厕所里上吊,1,0
匿名用户,女人间的嫉妒啧啧。,1,0
都督,不懂可以，请不要乱猜说的轻松，你不知道别人心里是怎么想的虽然觉得我们这样骂可能造成另一个抑郁症不过，如此不要脸的问题，确实该骂对题不对人,1,0
匿名用户,如果不顺着题主的意思答呢 不知道是单纯的不待见室友吧 那何必带上抑郁症呢 不管她是不是真的 如果不相信最不济也请假装作不知道 艰难爬行的痛苦 而且抑郁症的症状每个人有不同 不要看了些科普就一概而论 和之前上面回答的一样觉得 那块巧克力分的真心值不值得,1,0
匿名用户,我希望是自己演的太出色...可是被禁锢在这个结果之中的绝望你是不会明白明明前一分钟还很高兴下一秒就被绝望和堕落淹没的感受我真的是更希望变成实际的痛苦哪怕划我几刀都可以可是没办法这个病我希望它是假的我希望是医生误诊仿佛癌症一般是难以驱散的梦魇抑郁的人通常生活的很绝望没有目标没有梦想所以我会经常怀恋小时候的自己那个天不怕地不怕的样子可惜呢长大的路是那么的充满挫折希望自己能够走出来最后医生给我诊断的是抑郁状态但结合多次求诊的情况我开始拿到了抑郁的药物但是我放弃了药物治疗吃药太难受了那种被罩子罩住的感觉还不如如今这样有血与肉的活着,1,0
越七海之风,生理抑郁？没查过但是医院应该不是自测表格那样的吧改天我去查查看看,1,2
匿名用户,你这恶意让我想起了之前的舍友。重度抑郁，多次想要尝试自杀，进过抢救室。真巧 ，我活下来了。在那个宿舍，我舍友凌晨三点多都不睡，还说我作息和她们不和。偷用我的护肤品，翻动我的东西，我假装不知道。多次不知情的情况下发现宿舍有男性，在我换衣服的时候和男性视频对准我，我只能忍气吞声。损坏我的物品还装的一脸无辜，我笑着说没关系。利用职权篡改我的成绩，说我坏话，孤立我，我也假装没听到，没看到。最后，到处传我恶毒，是小偷，贱人，Sao huo 。真该感谢她们啊，让我意识到这个世界，真的有人就是充满恶意的。从抢救室出来以后，花了大概一年的时间，程度减轻了，我才发现，刚开始的时候，我还有正确的判断能力，正常作息不是我的错，被偷拍不是我的错，贼喊捉贼不是我的错，别人思想下流与我无关，是在那一句句“你怎么那么早睡啊”“你怎么在这换衣服啊”“有男的你就当没看到”“东西不见了，只有你在宿舍”“弄坏你东西我道歉了，你就要接受，原谅我”“我和男朋友视频对准你没关系的”中，一切都变质了。后来抑郁症开始有了热度，某舍友就卖起了抑郁症的人设，还宣扬，她知道抑郁症有多痛苦，她对抑郁症的人可好了，她还挽救过多少个抑郁症的人，还真是搞笑呢。后来有人知道我抑郁症的事，她的说辞就变成了，她哪里像，她什么都正常啊。我还真不知道，原来暴饮暴食，厌食，嗜睡，失眠，浑身无力，无法动弹，无法控制的流泪，全身疼痛算是正常啊，,1,4
匿名用户,题主这种人真的让我对人类感到悲哀,1,0
匿名用户,我也一样，我看起来一切正常，我在去检查的前一天还陪我朋友逛街，买了一支喜欢的口红，检查当天的结果，重度抑郁，我自己都觉得不可思议但是就是这样子啊。心里早就千疮百孔只是你们都看不到罢了。,1,0
匿名用户,假装抑郁去知乎查，不但会被诊断为重度抑郁症，还能骗大量赞。,1,0
云心无一,小明有没有抑郁症我不知道，你的恶意倒是大到溢出屏幕了。原来在普通人眼里只有每天悲伤到泪流满面想死，身上布满自杀未遂的伤痕才叫抑郁症吗。。。其实也没关系，连自己的家人都不一定会理解，何必期望外人能明白。,1,0
coin,我怀疑题主的心不是肉长的,1,0
匿名用户,你是着什么样的心态打出来这些字的我不知道。我只知道我现在很想骂粗口。真正的病人每天没日煎熬着努力的控制情绪让自己正常点，活的快乐点是很幸福的。能不能不要拿病当时尚当哗众取宠的借口，这是病要吃药的有副作用的。不是好玩的东西，你真幼稚做秀恶心，,1,2
小仙女,你真的好恶心好恶心 令我胆寒,1,0
匿名用户,题主太恶意了吧,1,0
Rayones1,哈哈哈哈你们终于不仅限于口嗨了，想要去开一张真正的诊断书了嘛……没问题的，可以装出来的，遇到医生问的拿不准的问题，就沉默就行，一切都往消极方向回答，再在手腕上割几个疤痕，妥妥的就确诊了，就可以拿正式的诊断书去装逼了。虽然我也不知道这有什么意义……但你们开心就好。,1,0
匿名用户,其实..我也蛮好奇的。经常在网上本着客观的态度做题做出来是中度以上，不太相信，又有点怀疑会不会自己抑郁但是不自知。如果我真诊断出来我身边的人肯定不相信吧，毕竟我平时很开朗很阳光em…我自己都不太信但实际上我的情况要是诊断成抑郁症也很在情理之中。很小的时候遭受了家庭变故，寄养在别的家庭里，一直没有归属感，甚至从小学就会觉得自己活着很多余，初中以前基本不笑，亲戚朋友问我为什么不爱笑我觉得也没什么好笑的事。初中就想过自杀却没有决心，想自己出去流浪，觉得自己拖累旁人。这些都是我的朋友们不知道的，偶尔有人知道我的家庭情况也是因为我接受了贫困生资助，甚至小学时被拉到某店铺的开业爱心筹款上做了展示...高中以后爱上打球，有了精神寄托性格上也有了很大转变，大学之后和一个很阳光的人在一起，因为他性格有了很大改观，但也是限于有他陪伴的时候。独处时常常觉得自己有性格缺陷会影响另一半，反思自己为何家庭观念淡薄，基本不主动和亲人朋友联系。外表看起来我很开朗活泼，但失眠从高中时期一直困扰着我，可能我比较能调节情绪吧，去医院是不会去的，我觉得现在的我有能力对抗负面情绪。但是会不会被诊断，有时候看着那些测试结果还真的拿不准了...,1,1
匿名用户,我记得挂号是在脑神经科？然后做了一系列检查，血、心电图、往你脑袋上套个什么东西的、那个平板让你做题。这其中我觉得要是假装，唯一的选项就是做题了吧？就算能，也顶多是轻度。,1,0
下弦之月爱二娃,可以的，初次去看，不会给你查脑诱发，ct那些，应该只会给你做人格测试，抑郁焦虑问卷等等。你只要都选一看就是有病的选项，就会诊断有病。,1,0
匿名用户,抑郁症不完全等于抑郁情绪,1,0
鹿行家,小明在宿舍给你们发巧克力你还在网上bb她吃人的嘴软，我看你倒是挺硬气小明真惨小明装不装我不太清楚你倒是蛮装的,1,0
少年裘马 锦衣风流,题主 你挺恶心的。,1,0
旁观,        不会的，医院诊断某种精神疾病外除了问卷测试还有一些仪器辅助测试的。这个是百度百科抑郁症常见病因，无论是哪一个病因，都是身体出了问题，才导致精神出了问题，医院诊断会有一些仪器可以检测你的这些部位是否出问题的。我虽然没有去医院检测过抑郁症，但我检测过其他精神病。其中仪器测试有抽血检测，还有在脑子带一个网状仪器，之后在头发上滴满盐水和洗发水混合液，让你用电脑做一些小测试。滴盐水估计是为了导电，检测脑电波之类的，滴洗发水。。。。性感医生在线洗头。。。这是其中一项仪器的测试结果，问卷测试可以骗人，这种仪器测试是骗不了人的。抑郁症患者或者说精神病患者，本来就是靠着残缺的灵魂活着的，或者他们的生活压力可能并不大，但精神上的煎熬是你无法理解的。你可以不给他鼓励，但一定不要再踩他两脚了。当然，如果你给他鼓励的话，或许真的会收获一段长久的友情，毕竟你这时候的温暖叫雪中送炭嘛,1,0
别抢我的猫,我不知道国内精神科是怎么诊断抑郁症的，如果仅仅是心理测试和从行为上观察。那确实可以伪造。如果用脑电图，那伪造是可能性就比较低了。,1,2
匿名用户,被确诊抑郁焦虑状态不久没觉得自己有抑郁，只是学习注意力不集中想去寻求专业的帮助看看能怎么缓解，没想到直接确诊了。平时觉得自己除了想的多点也没什么不一样的，直到最近心里突然空落落的，好像行尸走肉，还有两个多月考研，大家都卯足了劲的复习，在这种氛围里我竟然一点感觉都没有，不想紧迫的复习，题目错很多也不想仔细订正，每天感觉都很疲惫，明明白天没有多辛苦多学习，晚上闭眼之前还是害怕第二天起床面对那些还没有复习的东西，然后再循环。我也很开朗啊，觉得只是自己容易共情，从没想过自己会有一天被确诊为抑郁状态，直到医生建议我还是吃点药比较好，我才突然觉得自己状态确实不对，哪个正常人会突然大哭到抽搐。我妈看了药物说明书以后忧心忡忡小心翼翼的问这个药能不能不吃，她是不相信我抑郁。我想了想，最后还是吃药了。不管是考验还是工作，我都不想再暮气沉沉的生活。希望药物能发挥奇效，让我最后俩月一目十行过目不忘，把英一数二还有超厚专业课都啃完，一举走向家庭学历的最高位。想了想还是匿名吧，不想不怎么亲密的同学在背后讨论：哎你们说她是不是装的。,1,3
匿名用户,我就是你口中所说的那些人 平常开开心心 但确实确诊为抑郁症 痛苦时也是真的很痛苦 但不代表抑郁症患者不能开心不能交朋友吧  就是因为有你的这种的想法 所以患病的人连开心都是不轻松的 害怕别人说自己装的都是假的 抑郁症也不是给医生问几个问题就诊断出来的 不要用你的无知去伤害别人 你所说的话 打心底里让人瞧不起。,1,0
匿名用户,题主，我说一句实话，你这样的想法往往会成为压垮抑郁症患者的最后一根稻草，最后你是不是还觉得他们因为一句话就受不了真矫情。你自觉自己阳光无比，却不知双手已沾满鲜血。不想再说什么了，题主自重吧,1,0
匿名用户,看到了吧？别随便让人知道自己有这个病，他们觉得你过得超好还矫情。,1,0
星星下的守望,我觉得会，因为医生也只是通过你的外在表现去看你的行为是否符合抑郁症的表现，医生也是人，不是你身体的蛔虫或者是神，她们也是根据她们学到的书籍里的理论来判断的，所以你如果假装表现一些抑郁症的表现，是很有可能让医生误诊你有抑郁的，那时你家人自己就要花大量的钱治疗吃药，没病由于吃药也会由于副作用吃出病，所以不要假装做些抑郁症的表现，装疯卖傻真吃出病来，不要学电视那些情节，如果你不是假装，而是不由自主做出那些抑郁的表现，就得去医院真治疗，早治早好了,1,0
我真叫李易峰,这个世界有天生善于伪装的人而且抑郁症量化的那个标准真的是可以自己搞出来的,1,1
匿名用户,虽然我不知道假装抑郁去医院会不会被确诊，但是我觉得我有必要去一下，我在想去了以后如果只是抑郁情绪不算病症我是该开心还是尴尬。本来家人就不太能理解我的心情，总是说，你就是抗压能力太差，你就是想太多，你就是平时不努力现在才不开心的。……怎么说呢，很纠结就对了。,1,0
匿名用户,别搞这种事装着装着你最后就真的是了还有要是查出来你就是 那你就懵逼了 然后要经过长久的痛苦抑郁躁狂后 突然想开了 就能克制住大部分 你才能恢复到你装之前的状态别问我是怎么清楚的:),1,0
小卫,我被诊断为抑郁的时候，也问过大夫是如何判定得病的。大夫说，我们不光从测试表来看，还有你整个人的气色，眼神，说话方式，都可以。而且我去的那天，刚开始挂错了诊，去了心内科，见了大夫就开始嗷嗷哭。大夫委婉的安慰了我并表示你挂错号了后来见了心理医生，我意为我不会再哭了，才说道“大夫我觉得压力好大啊” 整个人就开始崩溃大哭。你要能这样，兄弟 不用装，你真的得抑郁症了,1,2
匿名用户,我不太清楚，我只知道我去医院这么说医生说确诊了的，当然哈哈哈哈哈哈哈哈我说的时候表情比较浮夸吧，你可以试试。如果，你真的有这些年头想去咨询一下却怕是自己多想的情况下。别怕去医院感觉自己是抑郁症但最后又出现不是这种情况，可以不用去问别人怎么怎么样。嗯别怕，想去咨询就去吧,1,0
心理咨询师徐光宗,自己的感觉才是最准确的，表格仅作为参考,1,3
Travis L,“我现在不想知道她到底是真抑郁假抑郁（虽然我认为她十有八九是演戏）”所以你就是想说医生啥也不懂乱诊断？抑郁症是有病理指标的，要化验的，咋作假？你是崔永元么越是抑郁症的人，越会演戏，不演不强迫自己以社会守则生活就活不下去了，至于原因，就是因为有你这种人明明不懂却敢给人家下结论“装的”,1,0
匿名用户,感觉好像应该有的人都会有抑郁的时刻吧吧，情绪低落，我觉得我也有，如果去医院查的话，不知道能不能查出来抑郁症。但是我不想去，也我不认为自己有病。我辞职了，有从3月份失业到现在，每天都躺在床上，和男朋友关系也不好，被冷暴力，天天都胡思乱想动不动就哭，饭也不怎么吃，一天只吃一顿，掉头发失眠，昨天男朋友在睡觉，我夜里四点多才睡着，失眠已经持续了一年多了。去年的时候和他吵架分过一次手，整个人暴瘦，反正躺着什么都不想动，可以一整天都不吃饭，电视剧也看不进去，书也看不进去，自残过两次，他骂我有病像疯子，那个时候就开始失眠……,1,2
小苏同学,感冒就感冒，你吃什么药！别人感冒都能捱过去，你为什么捱不过去！你吃药也不知道偷偷吃！大家都知道你感冒了！快看，这就是那个感冒都要吃药的人，真弱。,1,0
匿名用户,医生有她的标准。以前流行过做多少到题，来测是否有抑郁症。有个朋友是做精神类医药的，她让我做了从医院拿的题。立马帶我去她熟的心理医生那。实际那时候我除了觉得我的状态不好没啥别的感觉。莫名其妙流泪。人生没有意义。学习玩乐都是浪费时间，时间也是浪费时间。情绪管理差。。。。。,0,0
匿名用户,我就是比较理解抑郁症的，主要是最开始接触这个词就是那个故事，一个人去找医生说自己得了抑郁症，医生说没事，我们这有最好的小丑，一定能让你快乐起来，然后他说我就是那个小丑，这个故事给我带来了非常大的震撼，个人觉得抑郁症真的非常不容易了，如果你不能理解她们，就请摆出一种事不关己高高挂起的态度吧，别管人家的事，本来就是与你无关，大多数时候能少得罪一个人就少得罪一个人吧，人家也没侵犯到你的利益,0,0
nyloncreep,你需要忍受在医院的等待、环境的嘈杂、时间以及金钱上的浪费，做这么一件无意义的事情？排除你是个行为艺术家或者单纯为了调查研究，你可能心理有其他问题，不一定是抑郁。,0,0
匿名用户,世界上就是因为有你这种人存在，才会让抑郁症患者难以表达自己的内心，明明足够痛苦却还要咬着牙承受你们这帮人的讽刺挖苦。知道么她要是没得抑郁症现在应该在比你环境好的地方学着比你更专业的知识成为比你优秀不知多少倍的人。你根本没资格怀疑她。抑郁症的世界你这种人是体会不到的，估计要是你得抑郁症，会哭天喊地找父母，会以“我有病”欺负同学吃独食，会不学无术还甘于堕落，会埋怨周围所有人。不是吗？如果你不是这样的话，那我要说了，你有事不求父母自己扛，和同学和睦共处一起分享，努力学习不甘堕落，和所有人用尽全身力气处好关系，这么优秀的你得哪门子的抑郁症！你就是看不惯人家带着病还比你优秀。愿这个世界少一些有你这种想法的人，没错我就是诅咒这些不会善待抑郁症患者的人下地狱。如果你不想被诅咒，很简单，改变这种想法。最后，想对抑郁症患者说一句：辛苦了。抱抱你，我爱你。加油！,0,0
杄枫,          诚实的说，量表方面也许可以作假，但是各项生理指标的检查很难做假(虽然我那会也很怀疑那机器有用没），而且医生在你打开门的一刻起就开始对你进行检查了，所以除了那无良的私人医院外，大多是不会让你作假成功的。        但不论对方真假，希望你们能对她多一份理解和包容，难道你喜欢没事给自己贴个在世人开来很耻辱的标签吗？就算她是想要这个标签，那也必然是有想通过这个解决一部分心理上的压力及情绪的。         祝天下所有人辛福!,0,0
匿名用户,不好意思，做出想要自杀表态也算抑郁的一种症状，无论打心底是不是真的想。,0,0
龙崎,不好意思...我比较直白。题主你是沙哔，谢邀。,0,0
匿名用户,题主这个问题真的很招人恨，抑郁症是一种病，就跟你得了感冒心脏病癌症一样是一种病变，抑郁症不是简单的说装就能装的，你装得再像，能蒙住一些医生一个轻度抑郁就是最大可能了，中度抑郁已经是她自己承受不住开始向外界寻求帮助了，却还要被你这样所谓的表面同学暗地里恶意猜想，那个女生真的很可怜。,0,0
香煎菌子撒点盐w,过两天复查了来补充我妈硬要跟我一起去所以我准备装一个抑郁症快康复的病人就算我每天想尽办法让自己不去寻死，假装很快乐，也不能让她那么担心，我希望她开心并不在乎我自己看看做检查的时候能不能有意识地动些手脚显得我好多了然后你可以逆向判断,0,0
匿名用户,会某市七院，只要你去做个心理测试就出结果。心理测试就是很多选择，而且是那种你一看就知道选什么能让别人判断出你是抑郁症的题。,0,2
lD4789,你怕是个傻子吧，竟然想抑郁，活着不好吗,0,0
mstippy,我只能说能提问出这种问题的人就足以证明人性本恶，不要说自己是单纯的好奇心，你好奇心可能会害了一些尽管对自身现况无助但仍对生活抱有渴望的人。,0,0
匿名用户,说到抑郁 我也忍不住说几句。之前我经历了什么糟心的事情就不提了，为什么？每个人得承受能力不一样，有的人别折磨了很久好几年才会抑郁，有的人一件事跨不过去也会抑郁。这从中的复杂医学理论和关系别说学医的专业人士都说不明白更何况我们这些普通人。但总的来说我一开始是个没心没肺很容易满足，也没有生活困难的那种性格和环境。后来转学，和家里发生的事情让我开始有变化，但是当时我只是归于自己不够努力没有天分之类原因，但是现在回想起来，如果那时我就开始轻度抑郁 ，那么现在我也算是抑郁很久的病患了。后来上大学开始慢慢爆发，快毕业的时候更是频频割腕。但是总也下不去狠手 ，所以常常是上一次伤口刚好，下一次我就又开始复发接着割，那时手腕是我最隐秘的地方，不敢给别人看。（当时还关注了割腕自杀的一个组织，那些人认为割腕自杀是一种解脱，还互相鼓励。但每次我发做的时候情绪都很激动，下手的力度也不够，最狠的一次伤口也没见到血管 ，可见割腕自杀是需要很大力气的）但是还不想让别人知道我的痛苦，那段时间我一直带着护腕假装运动风，也很怕别人看到我的伤口。对，这个现象应验了一句话，真正的抑郁不会每天挂在嘴边，反倒想掩盖。装?那种痛苦的表情后留着脸上的印记只有自己才能看到。而如今我不想再掩盖了，虽然这期间（大概六七年）我减肥成功变成别人嘴里的美女，有着别人羡慕的工作，也谈恋爱，但是我的痛苦没有消失，他就像一块臭味膏药一样紧紧伴随着我，就像恶魔一样一直想搅乱我的生活，而我却不得不每天和它作斗争。很累，这样的我只能应付它一个，如果再有怀有恶意的人与我相对，那我是承受不了的。而如今，情绪失控已经成了我性格的一部分，这样纵容它我真怕哪天回忍不住从楼上跳下去。明天去医院，这也是一种勇气吧。敢于面对它，然后战胜它。,0,0
胡田彧,你就当我是装的吧，我真的很想每天都高高兴兴的，我真的很想像以前一样对有趣的事物感兴趣，爱吃爱玩爱阅读，我真的很想在没有药物的状态下睡个懒觉，不要一两点才睡着五点半六点就惊醒而再也睡不着，我也想每天都精力充沛，不是简单的不高兴，而是沉溺于其中的不可自拔的黑暗和绝望。莫名其妙的哭成傻逼，不愿说话，也不愿听人说话，不高兴可以调节，而现在，我真的不知道怎么去救自己，每天看着手里的安眠药我就想我把它们全部吃下去是不是就不用经历这些了。我不算是个太坚强开朗的人，但是难受到下定决心去看医生真的是因为太难受了，我分得清楚不开心和这种抑郁，希望自己能好起来，毕竟我还是想活着的。,0,0
Tea Blood,我遇到过很多题主这样的人。……很努力忍住没有笑场。,0,0
金吧啦,知乎怎么什么人都有那些以为别人抑郁是在装逼甚至博取同情的人那些学校有人跳楼 自己也天天嚷嚷着跳楼算了的人都应该去死,0,0
仔锅里的饭,哈哈哈哈哈哈哈哈哈哈，我是抑郁和焦虑，现在在吃药，自己疏导了自己差不多大半年的时间，有多绝望当然只有自己知道，当然，同学都说我看起来挺正常，挺阳光的一个人啊。,0,0
我闪闪惹人爱,dior这种牌子，我感觉不管真假几乎女生人手一支吧？还用跟风你们那是多落后的地方吧我们这该是二三线城市首先，我是一个中重度抑郁症患者但是我也天天买化妆品啊天天买衣服啊也超级爱自拍，卡西欧美图我还都有我下楼买个水都要化妆，也天天玩啊，甚至在宿舍我还总是气氛制造者！总之大概我就是学校里一小波热点人物中一员，就是拉帮结派那种，而且圈子很大那种但是我依然是一个抑郁症患者但我没睡过一天好觉我没有开心一天每天都在自我折磨等等等等等太可怕所以不懂不要乱说,0,0
匿名用户,然而其实医生见到我的第一眼，就知道我不对劲…（后来告诉我的）BUT当时我还一句话没对他讲，甚至冲着他笑了笑。,0,0
靳轻,为什么要问这个问题 看到这个问题我一下笑出来了,0,2
无名,心理测试中有交叉校验的题目，并且以诚实度指标显示在结果上。想伪装会有难度，需要了解交叉校验原理。,0,1
苏凡,会的。通常来说司法鉴定是无病推定，医院是有病推定。骗过医院很容易，但是没有卵用，但是要骗过司法鉴定中心的难度很大。患者交钱医院治病，通常来说医院不会认为患者具有虚构病情的主观动机，因此实际上很容易蒙过去。转载实验结果：Rosenhan experiment以前看见过有拿绿茶送去做尿检检验出淋病的，异曲同工。机器是按照送检物是人尿设计的，人员也是为了检验人尿培训的，检验人尿也一切正常。但是送进去绿茶，天知道会怎么样。,0,0
匿名用户,楼上一些专业人士都表示抑郁症的判断不是靠伪装肚子痛就可以蒙混过去的。在我看来，医院的正规程度是很大的影响因素，辅导员特地陪着的，伪造的可能性不大。另外，如果是刻意想要伪造一份假的病例，不是不可行的。——————————这个问题下的部分恶意回答让我大开眼界，大概病人在谈及质疑病情时格外敏感愤怒，不过嘛，该举报的还是举报了比较好，么么哒~————————————仿佛看了一场贴吧撕逼大戏，说好的高贵冷艳呢：D,0,6
匿名用户,题主可以自己去试试，比在这儿问更实际些。,0,0
匿名用户,匿名骂一个题主虽说无知者无畏但还是别在这秀自己的无知了好吗还一副自以为是的样子人家怎么样关你屁事？你怎么事那么多呢？还有抑郁症没法装。,0,0
城沦,首先，我认为，抑郁症是假装不出的。在医院检查抑郁症，我想不仅会询问病症，通过交谈了解你的内心，还会有生理上的检查。抑郁症的直接表达不是一个人不擅长社交不会笑不讲话。我有很亲近的家人患有严重的抑郁症。看过你就知道，那种感觉是没有办法假装的。而事实上我建议题主，不管你的同学她真相如何，请普通地、平常地和她来往。,0,0
nokiakia,hehe题主你真逗,0,0
匿名用户,真的希望你问得问题是真的。。这样我也可以理解为我骗过了医生我才不‘抑郁’我很正常……最后题主 你如果相信也请千万不要这么做 因为吃药什么的不算什么了 如果你真的演技好的让医生相信你要轻生那么有可能你会被‘关心’你的家人送进医院 还有就是电击治疗不仅仅只是杨永信——,0,0
秋阴,我姑且认为你是真的无知，才会问出这样的问题。但实在想不通如今信息这么发达，还是有这么多人对于“抑郁症”的了解如此匮乏。我在高中的时候被确诊“抑郁症”，但那并不是医生宣布的一刹那，你整个人的状态就立马180度改变。确诊前后，我的生活并没有任何变化。该笑还是笑，该闹还是闹，该失眠还是失眠，该脑子乱还是脑子乱。那时候内心还很脆弱，不敢太过声张自己得了“抑郁症”，生怕别人用异样的眼光看我。到底什么时候，人们才能了解“抑郁症”不是什么特么的“心情低落”、“闷闷不乐”，也不是动不动就闹脾气不说话，假装冷酷。特么的就是一种病，就像“感冒”一样，病了要吃药。而且是一种很严重的病好吗！！！我得病了，你还要求我每时每刻都哭丧着脸，一副可怜的样子？我：……%&amp;（）……！￥,0,0
滴水,不知道楼主是不是认为装抑郁症病人可以获得利益呢？如果是为了利益的话，可以去装抑郁症病人、可以去卖身、可以去偷去抢吗？当然不能，人还有尊严和底线。抑郁症病人有什么好处，有必要装吗？我知道害处，周围的人会因为害怕和不了解，把你当成精神病人，不愿意和你交往。抑郁症病人所使用的精神类药物，它的副作用是非常大的，可不是像什么感冒药没事儿也可以吃两片儿预防预防。所以说楼主是不是你小人之心了呢。,0,0
匿名用户,抑郁症是心理+生理疾病。医院在检查抑郁症时，除了心理测评之外，还要检查脑电波，抽血化验各种指标等等。后两项是糊弄不了人的。,0,0
逗逼请闭眼,有人装疯我信，但是抑郁症临床是有诊断标准的，而且有程度之分，不是心情不好就是抑郁的诊断标准，有些抑郁症患者平时不发作的时候和常人没什么区别，或者有些你还觉得她挺活泼开朗的，但是发作的时候就要依靠药物了，说不一定就突然间自杀了你还会诧异说她平时都挺开心挺正常的嘛。,0,0
Cindylibra,如果医生让你做了明苏达尼测试的话，500多道题之后绝对自动暴露，然后……呵呵。。。。有这个时间yy不如买一本精神病学一个一个字看一遍,0,1
匿名用户,腦袋有洞，你。,0,0
匿名用户,你自己去试一试啊～你自己去找医生说自己吃不下饭睡不着觉看看医生会不会说你是抑郁症啊～,0,0
匿名用户,装不装不知道，只知道自己无法工作半年后，努力装正常人，现在新认识的人都看不出我有病(￣∇￣),0,0
匿名用户,我反而觉得抑郁症这种病是可以跟一般人伪装，但如果是天天生活在一起的同学，舍友伪装起来还是并不容易。两个角度思考，要么你的同学真的是诈病，要么是你没有仔细注意到而已。其实中度抑郁如果是量表的结果，是近期的一个状态，其实并不能完全确诊，仅仅是个倾向。但是，如果是医生的诊断是抑郁症，还是有一定的价值。现在确实有一些人“思绪万千”当作抑郁症，博得同情。但是，抑郁症病人本身的痛苦还是很难理解的。我仅仅是一个失眠症病人，失眠了一年多。还是有些人的反应要么是失眠很正常，要么就是别吃药，要么。。。但是这么长时间的失眠显然并不是我所希望的，也不是事情少。我虽然懒但我也在准备考研，除了睡眠不足的疲惫，因为焦虑过度的神经症症状也让我很难集中精力复习。所以，你觉得我会去医院开一个证明我失眠症，到处宣传，学校会录取我？？？抑郁症的痛苦远远超过失眠症和焦虑的，只有得过的人才能明白。每个人其实都很难完全得理解他人的感受，但是尽量不必说用自己的价值判断强加到他人的身上。不过题主仔细分析一下，你的同学被诊断以后，除了发巧克力这个事情，对你们有没有什么过分的要求呢？换个角度理解，发巧克力是为了让你们快乐，这样她也能好受一些，这也不是不符合逻辑的。其实，真的不必先入为主，认为对方十有八九是装的。更重要的就是待之如常，也没必要一定为她做什么，像个普通人一样对待就可以了。如果她是诈病，她获得不了好处，也就不会再装了。如果她不是诈病，你们能待之如常，对她其实是个好事。当然必要的时候尽可能给一点帮助，再不济联系老师和她的家长，这都不难。,0,0
啦啦啦,呵呵。举报后不想说任何话。,0,0
匿名用户,嘛~测题的话可以，有些测试不在自己能控制的范围内哒。超恶意的揣测啊，有的人会找人办精神病的证明来骗低保= 不过觉得花季少女不会这么做啦，没什么理由呀，带着这个病例也蛮麻烦的。男朋友也会没有的 不过不想让别人知道自己抑郁症是真的，我都这么糟糕了还是不要麻烦别人啦，装作开开心心的样子跟人相处的，有的时候会控制不了，就找个没人的地方呆着=缓过来又是一条好汉的。难过=,0,0
SallyKetchup,首先医生诊断是否抑郁不是听患者的一面之词，不然也太不专业了吧……抑郁也不纯粹是心理疾病，而是多巴胺分泌不足而导致的。我去医院的时候做了很多项检查，最后才是做题以及和医生交流。所以骗得过医生也骗不过那一堆仪器吧。楼主对抑郁症症状的了解也不足。她在朋友圈在网上活跃与否与她现实的状态根本无关。甚至可能在虚拟世界中越活越越是在逃避现实，所以根据这个完全无法判断。我们是抑郁症，我们也是和你一样的人。也要过正常生活。抑郁症不代表就整天伤春悲秋的不行了，不社交没目标了。不知道题主是否知乎看多将抑郁症妖魔化了。以及我觉得我觉得题主会挑她抑郁症这个刺只有一个原因，题主看她不爽。所以这个锅抑郁症不背。希望大家都不要带着恶意去揣测别人，尽量往好的方面想吧。,0,0
匿名用户,真的太醜陋了希望世界上少一些妳這種人真的噁心看得反胃,0,0
老六,抛开其他的不说，从理性的角度，我也想知道题主的问题答案。,0,0
陆今兮,你真恶心。跟我身边那些亲戚朋友一样恶心，你们就是觉得我们没自杀就是装病，你们就是觉得我们不开心是假的，你们就是觉得我们和你们不一样就是该死。杀人诛心，你真恶毒。,0,0
赵曌兆,朋友你知道双向障碍吗,0,0
匿名用户, 要不你也试试，你怎么。没被骂死。呵你装啊，别吃饭，别睡。你试试呗，自残？跳楼！,0,0
Janice17,题主你就是到知乎来为自己狭隘阴暗且愚蠢无知的心理寻找理论依据和自我安慰，进而让那种心理更加轻松猖狂的泛滥。,0,0
wangju1997,推己及人，不说安慰，最起码的不伤害可以吧！我想你也不希望在自己无助的时候被人这么重伤。,0,0
紫優,题主你想揭穿人家还是怎么样。说实话，这样的你挺丑的,0,0
匿名用户,不会。我去看病的时候。不会让你直接挂抑郁症门诊。而是早期干预门诊。        医生除了心理测试和询问外，会用很专业的手法引导你聊天。突然被他点中了，我泪流满面。他时而又会谈趣风声，测试你的反应。抑郁症患者是不会发自内心感到愉悦的，会很麻木。健康的人装不出来。而且我姑说我那段时间的眼神完全没有光，很暗淡。        我测出来也是中度抑郁。然而医生经过谈话，凭借自身的医学素养，也只是给我确诊抑郁障碍(具有抑郁症一部分症状，严重程度弱一些)        医生叮嘱我回去找学校的心理老师聊一聊，没有开药。两个月后我还是没有恢复，更加严重。去了医院才给我开了比较初级的抗抑郁药物。可见医生很谨慎。        那段时间我在学校熬过了三个月，没有一个人发现我的异样。只有我自己知道每晚每晚睡不着，两点就开始睁着眼睛等待天亮的滋味。连手机都不碰，一切都不感兴趣。吃饭吃着吃着就呕吐，视力模糊，走在路上突然就蹲下大哭。一个星期瘦下八斤，血压下压剩下60。每天想着从楼上跳下去，然后再最冲动的那个夜晚，颤抖着穿上裤子，翻出寝室的墙，在外面蹲到天明，告诉自己只要不在高的地方就能活下去，因为我还没有那么严重。会有生的欲望，但是又会克制不住的，一遍一遍幻想自己从楼上跳下去。后来更加严重，我回家了两个月。家人一直陪伴我。同学也只知道我生病了，却不知道抑郁。我没有告诉过任何人。就是害怕别人对我的偏见。况且没有几个人会相信。明明你看起来那么好。就是因为会有人有偏见。才要用尽最后的精力装作我很好呀。只有自己知道自己的痛苦，以及差点就死掉了。,0,0
xiaomin不开心,我也装的很好啊，我跟我朋友说的时候他们都不太相信，觉得每次见面都聊的挺开心的，其实我心里是低落的，只是不想说。为什么抑郁的人一定要把心里的负面情绪翻给别人看，扫兴不说，说不定还会落一句“你弱爆了”。我只是在努力尝试着让自己变得更好，变得和正常人一样，可是当我发现心里还是那样时，心情是绝望的。我现在也可以装作很开心，各种社交也可以参与，只要不去想太多。但是我累了，我不想装了，这完全不是我，我在浪费时间，在欺骗自己。所以我把自己的情况告诉了家人朋友。上周去医院做了检查，中度抑郁，轻度焦虑。愚蠢的人类，你根本不知道什么是真正的痛苦。,0,0
匿名用户,恐怕困难，你可以作为一个正常人，去当地医院相关科室做心理测试，坐那儿做题没半小时出不来，其间你可以观察来诊疗的其他患者基本上就是萎靡不振眼神黯淡，各个儿跟棵枯草似的你通过做题和言语上的伪装可以开出抑郁症证明，诊断但是医生，就算是蒙古大夫也能看出你没啥毛病，但凡有点儿经验的都知道眼睛是心灵的窗户，骗不了人的啊,0,0
匿名用户,你挺恶心的，真的。,0,0
我有一个梦想,可怜的是，很多读书人，他们读的书不仅没有让他们更加文明，反而让他们歧视得更加心安理得。,0,1
LTN麦昆,怎么会有这种，拿别人的不幸冷嘲热讽的人,0,0
宁愿,照我这种老人家的思想，绝对不能假装生病去得到好处，因为绝对会真的生病。更不能胡说八道利用亲人，简直就是诅咒。人在做天在看。,0,0
YU淇,其实不会。诊断抑郁有很多指标，是一个比较麻烦的过程。其中有很多辨别测试是否真实的指标，如果不合格，可能就是装的。,0,0
wongbaeee,别的不说 有抑郁症真的很可怜 拿别人抑郁症去攻击别人 真的是个垃圾了,0,0
匿名用户,时间线上出现这个问题好几回了。之前没仔细看。仔细看了之后。我决定来骂题主了!!!MDZZ建议题主你也去做做量表。另外得病的人（特别是双相）有时候脾气不好，提醒下您，下次不要挑事了，因为肯定还会被骂的!!活该。,0,4
匿名用户,。,0,0
没有公主有病,不知道真的假的，不过有个事实就是，有的人得了抑郁症自己却并不知道，我朋友是因为每天睡不着，去医院查出抑郁症的。,0,0
匿名用户,一是动机：因为看不惯另一个人，于是想证明她矫情做作以证明自己的高明。这很无聊。你既然问得出来，这事做出来了就不要怕别人评判你心胸狭窄。二是问得宽泛：医院原则上是按病理给人诊断，但目前心理病这个东西根本没有研究透，况且医院那么多家有好有坏，心理科的医疗水平与医德都参差不齐，误诊或是故意确诊赚药钱的情况难免存在。三是对抑郁症刻板印象：为什么抑郁症就要一副对着全世界表现出我就是抑郁症的样子，又不是在拍电视剧。这样看事情太肤浅与主观武断。,0,0
匿名用户,题主，你真的无知肤浅至极了。不懂去问去查，别臆想。,0,0
匿名用户,这种人生活中处处可见，外表上看着正正常常的，里面却装了一肚子坏水。别笑了，说的就是你，题主。,0,0
Ryan Gao,你们都TM是装的 只有我一个人是真抑郁,0,0
匿名用户,同学把抑郁症的标签下了吧，别给大家添堵了。,0,0
pipistrel,看过火影忍者的表示抑郁就像月读，中了月读你还能站起来就很不错了,0,0
朝南阳台,不建议,0,1
匿名用户,狂躁症集中营,0,0
无病呻吟的人,医生是傻子？就为了卖药？那么多年心理白学了？为什么要假装抑郁去检查？如果真的是假装抑郁，还去检查，并且一直以抑郁症的状态活着，那也是心理出现了问题。,0,0
匿名用户,不知道抑郁症就别在这里瞎bb 不要把你傻逼的一面摆到明面上好吗 自己有抑郁症难道要让全世界都知道？有抑郁症为什么不能社交 有抑郁症就一定要每天苦着脸面对所有人吗 你以为有抑郁症很酷吗 哪个正常人会想要自己有精神疾病 没有经历过就体会不到那种痛苦还有 正是因为有你这样的人 很多抑郁症患者才不会主动寻求帮助 请你远离你的朋友 不要用你恶心的语言去刺激她,0,0
匿名用户,恕我直言，我们抑郁症患者最恶心的就是你这种人。,0,0
Cocoon, 题主，你的同学正努力地表现得像一个正常乐观，阳光积极的人以避免你们对她的偏见，也避免给周围的人惹麻烦，甚至试着在内心煎熬的情况下依旧给周围的人带来一些快乐（发巧克力什么的）…结果这些超级辛苦的举动恰好招来偏见（这些行为真的对她来说异常辛苦，虽然在正常的生活里只是轻而易举的小事）。。。题主，这种努力伪装真的很吃力。当然，你没理由因为她很吃力地伪装了就去关心她，这当然是绝对合理的，这一点我坚决支持你，毕竟谁也不欠抑郁症患者什么，人情上的关怀只是基于关系亲疏上的个人选择。但是题主，你这种并非出于关心的议论——一个词总结就是“八卦”——用在这里太不合适了。第一，她的吃力伪装也没给你带来坏处不是？第二，她的吃力伪装很大成分是为了不给周围人带来困扰，看你的反应可以判断她真是做得太成功了。。。所以，你也没有理由去对她怀有恶意揣测，对吗？。。。你看，她只是求导员帮忙，没有给你带来麻烦。所以答主，既然不关心，就把不关心做到底吧，你就把她视为空气，好吗？认真的，这种事情上八卦之魂还是收一收吧。 ,0,0
注孤生,应该装不出来吧，我连压力大焦虑都装不出开心的样子，一句话都不想说只想一个人呆着。,0,0
匿名用户,还好我的女性朋友没有题主这样的。恶意揣度别人，这个人内心本就是恶，出来混的迟早要还的。,0,0
keke,你所能了解的永远只是别人愿意展示给你的那一面题主你也是真逗，我爸妈包括我周围的同学也一点不觉得我抑郁啊，我也一样做了好吃的拿去给别人分享啊看到好看的口红也买啊社交没毛病啊可是只有我自己知道我内心深处是怎样的，每当夜深人静自己一个人的时候是怎样的,0,0
匿名用户,这位题主根本就是对那个女生有偏见。人本来就是不相通的，不要求多深的共情能力，可有些人就连简单的包容也做不到。也对，题主说的那个女生也不是傻子，怎么会把自己的伤口平白无故扒开给题主这样只想用恶意去揣测一个抑郁症患者的人看呢？,0,0
匿名用户,我有抑郁症，学校除了老师其他人都不知道，偶尔情绪低落，知道为什么不说吗？因为怕像题主你这样的人恶意揣测，我只想被像平常人一样对待，虽然有时候会相处困难，但是我的舍友都很好，有幸没有遇到题主这样的人,0,2
匿名用户,抑郁症（任何精神疾病）的眼神谈吐都会和正常人不一样的，你看不出来不代表医生看不出来，顺便那个小姐姐得罪你了？她装不装关你什么事？就算你最终证明她是装病有什么意义？,0,0
无量塔 緋月丶,我也觉得你有病。,0,0
Daniel Liu,假装抑郁和真的抑郁症的表现是不一样的，不排除有人演技高超，但是抑郁症患者的表现还是很明显的,0,1
匿名用户,我也是平时看挺正常一个人，社交没问题，心情不好的时候就憋着不社交，如果不是实在状态影响到工作了，我也不会去看心理医生。心理医生或者专家们又不是彭萦那种考个证、背些知识点就能出来开张坐诊的，没那么好骗吧。问诊也不是一个两个问题，问半天，可能问题之间都有相关，没临床经验的一般人哪儿那么好编。再说了，我躁郁的时候也不太愿意表现出来，谁活该看你的丧脸呢？要是再有个有心机的女的，比如lz这样的，跑出去造谣、借机说我坏话被误解、被孤立，怎么办？,0,0
匿名用户,"我(女)看起来一切正常，这几天还在打各种游戏，唱各种歌，不同风格的.还去主动见了一个小妹妹，就是之前无聊时聊的挺欢脱的那个，无话不说.看到舍友吃水饺自己也跟风去买了一碗吃，平常经常发朋友圈啥的,而且很爱自拍，有时都快刷屏.然后今天中午突然打电话让妈妈带我去看心理医生。—————————————————————————就在刚刚我还笑嘻嘻的 看似平常的 和舍友讨论节奏大师游戏金币问题，情绪方面看上去没毛病，是不？⊙_⊙ 可我同舍友聊天的前一秒 挂掉和妈妈电话的前一秒 还哭得不成样子—————————————————————————再详细解释说明一下所回答的哈~我现在不知道我到底算不算精神方面有问题（虽然我认为我十有八九是ok的），我只知道我最近的确吃不下饭，对什么也没兴趣，也的确曾稍稍有点轻生的念头等等等等  …………………………………………………另外，告诉提问的你，你根本不懂什么是抑郁症，别把抑郁症想的那么简单！虽然我没抑郁症，但是我不会像你这么肤浅！所以   ",0,0
夏某某,可以，但并不是人人都可以。医生不是单一的和患者谈话就作出诊断的。====自己的结果好几项检查结果都显示我是DEP。因为我的躯体基础确实比较符合抑郁症状的。（没有精神上的指征）我了解本专业知识，在这种情况下如果量表和谈话上面再作抑郁回答就可以了。====关于楼主真实想问的问题，抑郁症患者你并不一定能看出来，尤其是还具有有一定行动力的。,0,0
匿名用户,不是所有痛苦都要被摆上台面的。题主对抑郁症可能有一些误解，每个患者抑郁程度不同，应对的状态不同，个人性格不同，所以不是每个人都表现得分分钟要离世。为了让家人和朋友少一点担心，有的患者在尽力让自己像健康的人一样去生活，去找回自己的兴趣和对生的希望。,0,0
周面包,外地不知道，上海这边初诊就是给你做个表格测试，然后医生和你聊聊诊断，我觉得还挺容易装的。,0,0
冷雪,你开心就好,0,0
白云苍狗,医生有一张问题表格，会一边提问，一边看你的反应，给你打分,0,1
匿名用户,班上也有一位女同学，家境优越成绩优秀性格开朗人缘很好，但是脾气比较坏很容易发大火骂脏话，除此之外一切都好。突然有一天听说她得了抑郁症。真的感到不可思议。还经常见到她在和朋友们说说笑笑。她笑起来真的挺漂亮的。抑郁症这种东西，真的说不准。你同学都检测出中度抑郁了，这是能装的？题主不要这么mean地去恶意揣测别人。抑郁症一点儿也不酷。,0,6
苏子墨客,不是被展现出来的痛苦才配被称之为痛苦,0,0
鲍迪,我觉得不会，因为我的抑郁症就是去医院检查后确诊的。如果你们以为去医院检查只是做几套心理测试题，那这种判定的方法也太主观而且小儿科了吧。当时，除了给我填几套问卷题，还用专门的仪器测了我的瞳孔，脑电波，心电图等值数，均显示与正常时的数值存在较大差异。综合起来，才确诊的。如果测试有一定的主观性，那仪器检查出得身体各项数值，你自己是非常难以同时造假的。我就医的地方是北京安定医院，不是什么小诊所，所以这个结果绝对具有依据的。抑郁症是一个非常痛苦的病症，就我个人而言，外在表现的非常温和友善开朗，只是不希望周围的朋友家人他们担心我，谁能知道我私下里好几年失眠，睁着眼睛到天亮。又有谁能明白半夜缩在被子里，绝望无助的哭的难以平复。药物的作用更像是镇静剂，它让你能短暂的平复心情，副作用却是恶心，暴食，手脚抽搐，嗜睡和心脏无力。希望大众能对我们，不求保持一份善意，只是别来恶意揣测就好。,0,0
灰巧,作为一个有抑郁倾向，但是很多人都不相信我有的人，我想说   你真恶心你就是看不惯人家，非要人家自杀了，你再说  哦，原来她真的有抑郁症 我真想抽你,0,0
那就叫小崔叭,抑郁症不会向全世界大喊我是抑郁症你们快来同情我，他们表面比正常人很正常,0,0
匿名用户,假装抑郁症我没试过，不知道会不会成功。我拼命假装自己是正常人，结果每次都失败了。,0,0
匿名用户,我觉得有可能的。我当时去某省会的三甲医院心身医学科确诊的抑郁症，但我不是刻意假装而是真的怀疑自己可能是抑郁症。我记得先是和医生聊了一些自身的状况，并且回答了几个问题，然后去做了两个量表，一个是艾森克个性测验，具体情况是这样的：然后测了一个90项：然后回去再聊了一些补充病历的部分就确诊了。但是，我内心的困惑还是没有消除。量表的很多题目我认为都是很主观的，而我又一向很擅长撒谎，也对心理学有过一些粗浅的了解，结果就是我十分怀疑自己的抑郁症是不是自己编造出来的。另外一个加深我困惑的是后续的治疗过程，因为结束诊断之后我参加了一个集体培训没办法偷偷服药，而培训期间我也发现自己之前的向医生描述的症状基本消失了，于是我便擅自断了药也没再去复诊。这已经是半年前的事了，现在我基本也没有再出现抑郁症的症状，虽然当时痛苦的心情是真实的，但可能真的不是抑郁症。不知道咨询专业的各位怎么看？,0,0
匿名用户,我不知道题主以什么样的想法去揣测别人，我也是一个重度抑郁症患者，自己一个人的时候会悲观厌世，会萎靡不振，最严重的一段时间就是大早上去学校，老师第一眼看见我就跑过来问，我怎么了是不是身体不舒服没有休息好之类的，我也蛮震惊的，我觉得自己已经伪装的很好了却还是看起来不对劲。但是和别的朋友在一起的时候还是和你认知里所谓的“正常人”是一个样子的。抑郁症是抑郁症没错，但是抑郁症不代表我就是个疯子看起来就不像个正常人，所以题主的意思是说，你如果患有抑郁症就一定要表现得像一个疯子一样吗，那就不是抑郁症了，那就应该可以断定为精神病，况且自己的身体自己最了解，还需要你来判断谁有病谁没病吗，真是搞不明白现在的人都是怎么了，非要恶语相向把别人逼死才罢休吗。难道你们这类人口中的我们这类人就不配拥有自己喜欢的，自己想要的了吗?,0,0
祈福,明什么苏达什么什么表（没错我忘记名字了）四百道题（其实一般就做二百道，当时医生没注意我我就傻不楞的做了四百道）问的是你喜欢爸爸还是喜欢妈妈之类的日常生活问题，做完之后会显示“回答较为客观属实”之类的装的你怎么选？？？万一做完显示了个回答撒谎呢而且这个表好像检查的时候都要做,0,0
匿名用户,你想知道的不是假装能不能查出来而是想听我们说这跟女孩子的不是,0,0
清九家的小笼包,不会的。不单单是你跟大夫说说你吃不香睡不着还想死就行了的，需要进行血检，脑电波和心电图检测等一系列检查，有没有抑郁一目了然,0,0
生活被暂停了吧,你不用假装抑郁，只要你接受完义务教育，朝着你理解中的最差的结果去填写，你就可以得到一个中度或重度的结果。但我想，心理特别健康的人不会去查，而真正能鼓起勇气去查的人真的很少很少敢去查，要顾及的人和事太多了。知道我当时为什么要去查吗？我想等我最后最后也撑不住的时候，当我走了之后他们会说“原来她有病啊”（哪怕他们到时候现查百度）我想我是能够得到原谅的，而不是“王八蛋，白眼狼。现在的孩子真矫情”我不想被骂成千古罪人，我猜题主不懂，虽然我也希望题主不会懂，但我还是希望题主不要去随意揣测别人的痛苦，你不懂的痛苦，不代表别人也不懂。,0,0
青鸟,拉倒吧。抑郁症确诊有严谨的标准的，抽血化验、眼动测试、脑电波检测、自评量表一大堆......若干检查。您觉得血液成分、脑电波、眼动这样的生理反应能假装么？,0,0
一只肉虾,会。但是我也能说，如果我不坦白，身边的人没人可以看得出我抑郁。,0,0
沐南,  装什么不好装抑郁症？就是为了被你这样的人恶意揣测吗？就是为了听别人说我，没事找事，矫情做作吗？这个世界对抑郁症之类的疾病患者苛刻的很，说的好像抑郁症能够给患者带来什么好处一样。天天吃着药，忍受着恶心，嗜睡，手抖，头疼头晕，心悸胸闷。就是为了装病？这是得有多想不开，才能这么自虐,0,0
Linxi,不会，有专业量表，会被发现诈病。还有就是，度君子之腹不可取,0,0
突突突,现在好了，题主要抑郁了,0,0
秋乏术,思维迟缓、情绪低落、运动抑制。这三种病症是“抑郁症”的特征。她发自拍、学街舞、给你们分巧克力并不代表她情绪高涨、运动能力强。相反，她很有可能是努力克服自己情绪的低潮才会表现的很积极向上。你不觉得可怕吗？一个人给你吃巧克力只是为了想让自己觉得自己很积极向上、很乐观开朗……,0,0
铃铛小姐姐,没有人会无缘无故去精神病医院检查，作为一名差点被关进医院的双向情感障碍患者，我就这么告诉你，我从不和同事说我是一名正在吃药控制病情的精神障碍患者，平时看起来很正常很阳光，但是发病的时候根本没办法控制自己，甚至会有自杀行为，题主的想法真的非常过分，感受到了深深地恶意。。。,0,0
逃避现实爱好者,会，貌似大多数医院就让你做测试题，只要暗示自己就就会被诊断为抑郁,0,0
未央生,是不是装抑郁不知道 你是混蛋这点肯定不用装 ,0,0
迪玛希的女人,不请自来！诊断这个还要对大脑进行检查。你就演技再好，你大脑内的神经物质总没办法假装吧。,0,0
武藤陽介,抑郁症就要每天发疯哭来哭去给你看？你知不知道抑郁症的人每天都尝试融入生活？别人不和你说隐情你就觉得是骗人？,0,0
刘风,在卓别林患了抑郁症后，他去找医生：“医生，你能不能治好我的抑郁症呢？我很不高兴。”医生说：“为什么不去看小丑的演出呢，我保证你看完之后会开心的大笑。”“但是医生，我就是那个小丑。题主你也挺像小丑的。抑郁症的表现不仅仅是悲伤难过，社交障碍什么的。无知者无畏。,0,0
Tzdr,        我就不从专业的角度说，退一万步来讲，就算她是装的，那她为什么要装呢？背后有什么原因呢？难道要等到她患上你所谓的真正的抑郁症之后，你才说她不是装的吗？人家向外界求助就已经需要无比巨大的勇气了，还要被没有办法正确地认识抑郁症的人评头论足，真的太可怜了。         抑郁症就是一种像感冒一样的病状，任何人都有可能会患上，这无关他优秀与否，人品如何。多一些包容，多一些理解吧！,0,0
灯红酒绿,我真的感觉问出这个问题很恶心。有的人明明已经难道过不行，却被说是装的。我小学开始就有自杀的念头，并在这过去十几年中实践过数次，怕疼，被拦下，没死成。我是这几年才知道自己真正出了问题，我没感觉我和别人有什么不一样，我甚至更爱笑，更出色更优秀，更有爱心及同理心，更得到老师和朋友的信赖，至少没有人认为过我有抑郁。是什么时候发现自己不对，是严重失眠却极度嗜睡，是我半夜两三天会突然惊醒，是我辗转反侧熬到两三点才睡得过去。是我做的一个比一个诡异的梦。是我白天极度嗜睡，就算前一天晚上很早入睡，第二天还是好困好困，我会一整天昏昏沉沉的不停的睡过去醒过来，期间会做各种奇怪的梦。我有天和朋友连麦睡得觉，朋友第二天告诉我我半夜突然开始哭，我对此完全没印象，然后我问了我几个高中室友，她们告诉我我高中就开始半夜突然开始哭。我分析过我自己为什么会抑郁，因为原生家庭家暴父母要求过分严厉，父母之间的争吵及高中经历过校园暴力。很多很多原因。我感受得到父母朋友对我的爱，我也会去回馈更多的爱去给他们。但是这并不影响我难受。我之前在一个崔雪莉的帖子中回复到关于抑郁“上一秒我还爱着所有人下一秒我就想杀了我自己”一个网友回复我到我帖子戾气太重这叫爱着所有人。怎么讲，这种话着实恶心。郁抑症他不代表他随时都要开心或者随时都要不开心，他就像“金絮其外败絮其中”，就像我表面开朗阳光但是内心已经有种坏掉的感觉。我上一秒真的爱着所有人，我跟室友说说笑笑，闹完了就去阳台洗衣服了，然后我突然想起一件小事，然后情绪开始崩溃，我看着楼底就想往下跳，完全控制不住自己。以下是我当天晚上半夜写完的。我死去后的第十年的节选。这是我死去的第十年。我十九岁，十年前也是。妹妹在房间里跑来跑去，妈妈在沙发上​坐着看电视，爸爸还没有下班。​房间里所有有关我的东西都被换掉了，桌子上的全家福早就变成了爸爸妈妈和妹妹的，我的房间全都被换成了粉红色的东西，墙上贴满了我没有得到过得奖状。这是我​离开的第十年，妹妹八岁了。我看着她一点点长大，她长得像妈妈，我长得像爸爸，她没有我好看，但我不得不承认爸爸妈妈更喜欢她。爸妈不会当着她的面吵架，爸爸不会揪着她的头发摁在床上打，妈妈不会骂她迟早会跟野男人跑了，她没有因为常年被打神经不好一发烧生病就神经痛，她没有遭受过校园暴力不会压抑到无法呼吸，她还没有遇到喜欢的男孩子不会因为喜欢而难受。‌可很抱歉，这些我都经历了，为什么她什么都没有经历而我却在十年前乃至我活着的那十九年那么痛苦。‌我死在十年前的一个晚上，那天我室友在房间里玩着手机，我在阳台上。‌我给朋友发说我好压抑，没人理我，于是我撤回了消息。我喜欢的男孩子跟我闹了一后没有理我的情绪失控，我看到他王者开了一局又一局。过了半个小时我朋友说她看到了只是再打游戏，她说有病得治。‌我开始想，想我被爸爸摁在床上打的日子，后来我一看到别人抬手我就害怕，后来我脸上还留着疤。我想起高中被校园暴力的日子，我想起朋友帮施暴者做的伪证。‌我羡慕她年少无知羡慕她不知人间不值‌我死在那天夜里，死在无人知晓的深夜，死时面朝星空。最后一秒，我想我应该化个妆，或者穿的漂亮一点，也不枉人间走一趟。‌我以为死后的人可以相见，可是我只是一个人。我的朋友死于十七岁，那时我十五岁 后来我一直十九岁，他一直十七岁，后来我对y先生最后的印象就留在那个梦里了。‌我死后的第十年，我还没有原谅这个世界，我还是难受，我还是疼，看到她备受疼爱我还是会嫉妒，为什么当初不对我好一点。‌可哪有那么多为什么。‌其实很多的时候我觉得人间值得 只不过离开的那天我控制不了自己的情绪，我完全控制不住自己 。这是我那天晚上睡不着起来码的字，世界上没有感同身受，所以别人抑郁的时候也不会让你全都看见。我朋友说我像个小太阳一样，我欣然接受。但是并不是这样的。我想让别人救我，我也向别人求救过，但是我知道没用 除了我自己谁都帮不了我。我跟心理医生谈话的时都会有所保留有所隐瞒。我也不想再给她揭一遍我的伤口。因为我不懂事的时候以为很多人都是朋友，我有给他们说过我的痛苦，我经历的那些伤口，后来被别人说过太装了，整天就会哭。我不需要你感同身受我的难过，但我希望你具有同理心。有的人活着就已经用光了所有勇气，我旅居人间十九载，快乐过也不快乐过，我感受过温暖所以想回馈社会，我也感受过绝望所以不希望其他抑郁的人再感受到歧视及排挤。抑郁症患者真的不是脆弱，我明明是一个很坚强的人，坚强的活着。我可以笑的阳光，我可以把自己整理的干净整洁，我可以和其他女孩子讨论化妆品讨论喜欢的男孩子，我也可以画很棒的作品，写不错的文章，我可以打球运动，我好像什么都不差，但我未必快乐。不是无病呻吟不是故作抑郁，而是我真的难过。虽然我不信任心理医生，但毕竟是医生，抑郁症不仅仅是你说你想死你说你难受，而是你心理真的痛苦，自杀只是一种，他还会影响到你的正常生活，影响你身体一部分机能。尽我最大的力量，别的就管他niang。有权高糊，有权无意、偶然、仓促、迷茫、匆匆而过、不驻扎、不停留，不被世上一切的不自由捕获。,0,1
四周,我觉得可以，光做题的话完全ok，脑电波啥的我没做过这个估计骗不过去…但做题的话抑郁的什么有没有自残倾向啊，有没有躯体化症状全往小了填我估计做出来绝对积极乐观向上，同理正常人反向答应该也ok,0,0
匿名用户,你真的别这么说了！举个例子吧，比如我工作的时候其实真的真的非常痛苦，就是那种真的崩溃，无助的感觉。但是在其他人面前，在朋友圈都会发正能量的话。比如发朋友圈“和同事的出差很高兴，能和贵公司合作非常愉快”并配上我们开心的照片。我真的无法做到在外人面前表现出来，太难太难了。我从来都不和朋友抱怨，都是和朋友面前都是伪装的非常正能量女神的感觉。我不知道是为什么。但是我觉得这样不会让别人感觉到自己的情绪，别人不会厌烦我。但是我真的不开玩笑，即使是我在朋友面前笑，但其实内心都在怨恨，都在想“为什么他要这么说话，我以后再也不要见到他了”，但表面上还是很想和他聊天的样子。讲真的，如果不是我自己正在经历，我真的也不会想象到一个表面这么正能量的人，内心却这么阴暗负面。人太过于复杂了，如果是只是单凭她这些表面的事情而定夺，非常的肤浅。谁会被愿意贴上精神类疾病的标签啊！那些不愿意把内心的负面暴露一丝出来的人，真的已经非常累了，然后还要被大家质疑。真的非常非常难过。望理解。,0,0
王乐乐,能啊，为什么不能。这是不是你想要的答案？,0,0
匿名用户,可以，我做到了，拿了药回家。但我曾经是个抑郁症，那时候我14岁。家里说我只是叛逆，我的莫名难过的情绪几乎让我度秒如年，每一天都像心脏踩着刀尖一样过的。那种感觉很奇怪，哭都哭不出，但是真的很难受。但时不时也会情绪突然亢奋一会。这种折磨我拖了整整六年。二十岁我自愈了。这六年让我整个人成了废人。曾经考上重点高中踌躇满志的我上了个普通211兜底，并且混得也没那么好。后来上班也混得一般。靠家里才能有车有房。我向母亲坦白自己以前的病情。她突然明白什么似的，拉着我就去了医院，我只是对医生叙述以前的感受。他就直接确诊了似的给我开药。我看着这些药，就哭了。它们如果能出现在我14岁的时候，我的人生会不会不一样。,0,0
匿名用户,恶意吗？在食不果腹，压力山大的二十世纪在压力多如海的皇帝身上怎么没有抑郁症或相关资料与记载我相信抑郁症这个病有，可为什么抖音的氟西丁一火，世界有一半人都是抑郁症患者呢，医院做个表，医生看一下就成了抑郁症患者呢,0,1
匿名用户,如果医生让你做一个500题的测试，很大几率会露出马脚被评测为“诈病”或者“疑病”,0,0
匿名用户,抑郁症每天就得像要死一样表现给你看？？不然就是演戏？就是装？？？？？艹不他妈说了，来气,0,0
病态233,如果她死了，你就是凶手，穷凶极恶，该下地狱的。,0,0
匿名用户,我认为有可能，因为我在诊断过程中，大部分是医生问，还有一套题，外加做了个心电图，我心电图好着呢，所以我想没准你学点抑郁症状去医院一说，医生大概率会给你个诊断。不过我认为你不应该这么揣测你的同学，作为一个抑郁症患者，我强迫和焦虑值也同样非常高，我已经连续一周没有在晚上入睡过了，每天都是一副要死的状态，但是我跟我的心理治疗医生谈话时还是笑嘻嘻的，我和室友聊天还是又骚又扯皮。,0,0
匿名用户,题主女穆斯林,0,0
匿名用户,胸口闷闷的，说不清楚是什么感觉。又像小时候一样…觉得被抛弃了，就躲起来，缩在一个小角落里，不想被人发现，又期待着，期待被人发现，证明还有人在乎…在乎…也许会着急，代表还在乎吧。心口好像有什么东西被吊着，一点，一点地往下坠。房间里，那张雪白的床上，他的呼吸声浮浮沉沉，翻身摩擦被子的声音窸窸窣窣，我的手心，随着他的动作一次次握紧，我以为，他会起身，焦急地找不到我！直到…他长叹一口气，起身走进了卫生间，便再也没走出来。窗外还是灯火通明的样子，那灯光，是暖橘色的，我有散光，看起来便一簇一簇的，光影里，多像他抱着我站在窗前的模样。风一点点灌进来，我是感觉不到刺骨，但膝盖开始隐隐作痛，我想许是窗户的缘故，我干脆把自己脱的赤裸，贴在窗户上，我不知道我还能感受到身体是温暖的，还有多久，也许玻璃的冷，会一点点渗透进我的生命，让我的躯体，变得冰凉。听说跳楼会因为肾上腺素的上升而感觉不到疼痛，想到这又忍不住想笑，我多少次想死去，却又一次次没有去死的勇气。你问我何以见得？因为跳楼机都足以让我捏紧了把杆。等下次，我再去玩跳楼机的时候，我要试试，等什么时候我敢撒手了，我想，我离心中那个勇气又进了一步…楼下的路口，红绿灯还在不停变换，我从缩在这的时候便想着，数着，从一数到了4…4…肚子还是不舒服，腿已经开始麻木，躯体总是这样无用，精神疼痛的同时也要告诉我，它也不舒服。嗨，有什么意义呢，草莓味，你告诉我总有出路的不是吗？我怎么就看不见他在哪了呢？lfy.记录下这些，我只想告诉你，我也是你的一部分，我不想出现，出现在你的生活里，但当你想退缩的时候，就找这么一个角落吧，至少，你还是在乎你自己的。,0,0
MyDarkSide,我就是抑郁症患者，单从表面是看不出来是否抑郁的。因为我是四家公司的老板，所以只要有人在的地方，我是绝对理智绝对正能量。但是没有人的时候我会撞墙，跪在门前磕头，有时候会等凌晨路上没有人去十字路口下跪磕头。因为我认为十字路口聚集鬼神，我希望他们能帮帮我，能救救我。因为我真的很无助。关于诊断方面。如果不用仪器测试的话，很有可能出现医生被骗……因为光是一问一答完全可以做到的……不过一般去医院医生会让患者做一些机器的检查，这个就逃不了了。基本不会出现误诊的情况。比如下图这个脑涨落是我的，很明显，我没有一项数据是正常范围。每一个递质都决定你的情绪之类的。这个是需要带一个网状的东西上面有很多电线的设备去测量。如果各项指标正常，那基本就没毛病了  ‍♀️人以上纯属个人经历和了解，如果有不对的。别喷。我承受不住哈哈哈哈哈哈,0,0
匿名用户,假装抑郁并不容易被诊断为抑郁另外，如果只是装病寻求关爱，也没必要平时仿佛热情洋溢突然去医院做检查。,0,0
Tienne,胆小慎入！首先给你听一下抑郁症患者的梦话，你觉得能不能装出来。前天的吧https://www.zhihu.com/video/1174531233425412096随手不知道哪天晚上的https://www.zhihu.com/video/1174531477533929472应该不会的像你说的那样骗过医生的，除非没有去正规医院，小诊所之类的有这种可能吧。其实我也不太记得我的诊断过程了，因为做了一个星期的MECT，丧失了很多记忆，很多东西我要看以前的日志和病历、检查单等，加上最近和医生的接触，综合来说是这样：首先我挂的都是特需或者专家门诊，都比较权威的医生，那么他们肯定是有自己的判断标准的（在没有检查的情况下，通过交流和状态观察，应该已经有初步判断了，并且，状态并不一定是低落情绪，我的病历上写的是：可以正常交流，思维逻辑清晰，主动表述想要自救），然后就是测试，我做了焦虑，抑郁，睡眠，三项测试，据说有部分题目是干扰的，不会因为你故意想填的不好，就误导结果，另外还有心电图，脑电波之类的，最终才会诊断是否患病的。而且抑郁症是一种病，不是一种情绪，对抑郁症患者来说，最大的恶意评价就是那句话：闲的，矫情。或者是：你这么幸福还不知足。人们常常把病看成情绪，因为这两者很容易混淆。我又看了我的日志，我之前的正常体重是108斤到114斤，今年的某几个月突然暴瘦，半个月瘦10斤，那时候是100斤了，现在我再秤，89.5斤，我好像从来没有这么瘦过。我大概三天吃一顿饭，两个大馍，偶尔吃点水果，几个月都是这样，最近做电疗有几天更不能吃，所以可能就瘦的有点厉害吧，皮包骨，有点吓人，以前照片身材还挺好的呢。我前两天做梦，完整的梦话都是在聊工作，虽然我也听不懂自己说的什么意思哈哈，可能我还是需要一份工作吧，毕竟失去工作对我的打击也挺大的，我看朋友圈，我以前工作还挺有能力的，我现在一个人在很远很远的城市住院，别人都是家属送，我签字都是自己哈哈，而且这里还不能用医保，我看自己和前夫的聊天记录，就像看别人的事情，失去记忆的同时也失去情感，感觉很陌生，不是人与人之间的陌生，是感觉自己的灵魂和肉体分开了那种陌生，我总觉得让我‘应激性创伤造成抑郁复发”，原因一定不是失去工作那么简单，但是我做mect之前写了一句话：亲爱的你因为失去工作所以生病了，你在努力自救，因为还有更好的工作在等你。额，我现在这个反应能力，恐怕暂时很难了哈哈。但是没有情感的感觉也挺好的，而且因为药物的作用吧，时常感到莫名的愉悦，就像大脑自动分泌粉红泡泡，就很开心的那种感觉,0,2
听见声音,我自己花钱测过，中度抑郁，我也知道我有什么问题，本命年事事不顺心。每次上微博上刷到意外去世的人，就觉得我能替代他们死掉就好了。不想活了，一直在我脑海里转悠。这感觉太痛苦,0,0
王小西牌宇宙飞船,别人我不知道，反正我只要没钱花的时候就是重度抑郁。 ,0,0
林子语,也许。,0,0
小半,我觉得还是不要问这个问题了，题主你自己心里已经有了自己的想法，这个问题无非就是想要别人肯定你，但是抱歉，我觉得不会有人会给你你想要的答案。我只能说你完全不了解抑郁症，把抑郁症想的太简单了。,0,0
艾美卡与伊莉莎,不知道，我估计没人那么无聊。因为要装是装不下去的，有些症状严重的要吃药，没病也会吃出毛病，所以应该没人冒那个风险去用抑郁症装逼。而且这个判断标准是很妙的，妙不可言，反正我真的不懂。医生才懂。比方说我的状况和抑郁症很像，但我不是。另外建议别靠表象判断，有些人应激出了问题，碰到了什么让Ta难过的事，再难过也是笑嘻嘻。就是“一不小心笑出了声.gif”这样。,0,0
阿歪歪,去正规的医院检查不只是做做心理测试的还有很多别的测试，装病分分钟就被发现了,0,0
野原广志,当你去医院查抑郁的时候 医生基本已经认定你最低也有个轻微抑郁了,0,0
魏先生,我是从事医药行业的职业属性，经常会接到电话咨询用药。那些咨询抑郁用药的，声音晴朗，语气阳光积极。听着很心疼。抑郁是装不出来的。,0,0
匿名用户,我不知道，不知道从什么时候开始的，可能是从童年就因为家庭、学校，渐渐变得敏感，高中的时候好朋友曾说我太敏感了。我真的不愿意想那么多，但是我控制不住，我很怕自己被讨厌，很怕自己像初中那样被孤立，我宁愿自己是个透明的，也不愿意他们像对待病毒一样对待我。我曾觉得没人会喜欢我的，我肯定是很讨人厌，我很想社交，可我不善社交，我也很怕别人跟我接触久了会讨厌我。大学逐渐好了很多，我以为我变了，不那么敏感了，可是最近又开始了，这一个月以来，我莫名其妙地就掉眼泪，我真的想了很多，控制不住地想，想为什么多年的朋友一点一点散了，即使那是我自己选择慢慢淡了的，想着我就这么垃圾吗？这么点事都做不好，我想做好，可我好像找不到要领。我又开始和以前一样，想着，死了是不是就一了百了了，可我还有好多事没做，可我活着真的好垃圾啊，什么事也做不好，即使没有人批评我，可我忍不住怀疑，他们是不是在会讨论我，我这样是不是像被害妄想症一样？敏感多疑。我这段时间的状态大概也影响到了别人，于是我试着变快乐，没用，坚持半天，就又来了，我偶尔蹲在厕所哭，想着自己怎么这么没用，太垃圾了，我认为最好的朋友都不肯定我，那我肯定很垃圾。我擦完眼泪，回到办公室，又是笑嘻嘻的，挺累的，真的很累。而这些，我闺蜜称之为矫情……我也觉得，我大概就是矫情，我有想过，我是不是抑郁，可是我不敢测，我猜想自己抑郁，一旦确诊了呢？怎么办？我的家庭负担不起我的诊费的。真的挺累的。看到确诊的症状，是否体重明显下降，或者增加，还好，我没有，只是偶尔嗜睡，偶尔失眠而已。,0,0
李谢之,抑郁，不是过度悲伤， 而是拒绝悲伤 - 李谢之的文章 - 知乎 https://zhuanlan.zhihu.com/p/69959382如果你身边有抑郁倾向的人，图解告诉你该怎么做 - 李谢之的文章 - 知乎 https://zhuanlan.zhihu.com/p/67526772,0,0
秋山雪奈,在？为什么要给抑郁群体招黑？,0,0
黑风岭的猎户,你可以去试一下啊，反正我是不相信那种整天到处说自己抑郁症的,0,0
整就完事,抑郁症是可以做生理检查的，脑et一查，基本上能看出来。,0,0
匿名用户,我觉得我的朋友圈就特别好，我还让周围的人特别开心，他们也不觉得我有抑郁症，事实证明我就是双向，真的不想回这种问题的，但是提问的这个真的？？？是想让大家认同你她就是装的还是咋的？那行，她就是装的，人不好看没钱买不起迪奥，所有人都讨厌她这个回答是你要的吗？大家都是第一次做人，看你描述觉得你真的年龄小才会这么？？吃多了没事干，好好读书别在意别人那么多。换句话说，只要人家没损害你的利益，你管人家得没得病？得没得关你事？What is wrong with  you  ??,0,1
匿名用户,答案:会抑郁症的诊断真的挺主观的。。毕竟医生大多是观察患者的行为举止和自我陈述，没有太可靠的可以量化的标准去评判。我有过亲身经历，虽然不是假装但是明显被过度诊断了，因为当时真的行为举止什么的都很不正常，不过后来想想也不过是自己的性格问题，当时诊断的所谓抑郁，精神分裂，双相障碍都是无稽之谈。另:应该也和医生水平有关。,0,0
大雨欲来,看你演戏水平了，逻辑自恰，表情到位，相关知识提前了解，最好低量摄入饮食少睡眠一段时间，编造好有抑郁证的虚拟人格，每天代入自身对着镜子练表情语言神态动作，保证你骗过医生。    精神类疾病，测谎机这一类都可以用此法骗过。,0,0
白家小卒哈马,抑郁症装不装的出来我已经没有机会验证了，但我知道傻逼装得出来,0,0
VocaK,心理疾病是很主观的，你觉得有就有，没有就没有治疗抑郁的药物很难吃、复查很难受、接受路人异样的眼光抑郁不是酷，不是标签，不是个性，是一种疾病，会导致人死亡的疾病请好好的活着，善待自己，不要做这些事,0,0
匿名用户,我记得第一次去医院去我是一个人去的医生初步判断是中度抑郁，没做测试，因为钱没带够第二次还是我自己去的，带够了钱，做了测试，重度抑郁第三次我妈陪我去的，换了个医生给我看，她给我开了药。走的时候，我清楚的听到她跟我妈说了一句话：“抑郁症是可以装出来的”,0,3
晨乌,打死你都不信 那就打死你吧信不信的还整这些花里胡哨人家都确诊了。懂了？再不信也没用了。,0,0
陈秋平,现在好了吗？,0,0
Z火Y火L火,有多少抑郁症患者是被你这样心态的人的质疑被逼走上自杀的路,0,0
匿名用户,抑郁的前提是什么，家里得有点钱的。不满足这一条都装不出来。,0,4
艾氓chuan,不知道自己是不是真的抑郁，想去医院，不想跟父母说，也不想见医生，我应该……就是单纯心情不好吧……,0,0
匿名用户,无语。题主真是白痴地令人难以想象。直说，如果去专业医院，比如华西，假装抑郁被诊断出抑郁的可能性为零。各方面生理指标都不会不对劲，不是你想象的做几个答案明显的测试题就OK了最后，傻逼。,0,0
cici,如果你假装的话医生是很可能给判定为抑郁的，不过不会轻易下结论为抑郁症，而可能是抑郁状态。他们都是有判断标准的，而这些基本靠自述，所以只要知道标准就很容易。,0,0
人间河童,看情况，有可能我去了医院精神科就给我做了两套测试一个是抑郁情绪的，一个是长期抑郁症状的两套数值都偏高就直接给我开中重度抑郁了,0,0
有追求的宅男,你以为抑郁症确诊是给你几个调查问卷，看你选什么，然后根据这个来打分吗？要化验身体激素水平的。有抑郁症的人身体激素是不正常的。,0,0
低吟轻唱,而正是因为题主和大众对于心理疾病戴着有色眼镜的人，导致更多人不敢承认自己是患者，默默忍受煎熬，直到无法挽回。,0,0
沉没海底,重度抑郁的自己一直外热内冷的与这个世界交汇 很多人会说我你看着挺好的啊怎么是抑郁症。我只是不想影响别人罢了外人不知道自己在无数个深夜点烟与自己释怀这只是我和自己的一场战争为了爱我的人努力活下去. 如果有一天我可以为自己活的话第一件事就是要自杀。嘿嘿 ,0,0
匿名用户,完全可以我去三甲医院坐下来 说了一句：我其实也没啥就是最近觉得有时候感受不到这个世界了然后 直接开药医生说： 你就吃吧 吃了就好多了药物副作用一大堆当然 抑郁症药物逃不过自杀概率增加变肥回美国找医生找therapy约谈了 很久 很久 很多次建议先持续therapy 先不吃药然后签合同 紧急情况联系人现在 基本 没啥事儿了总觉得 我如果开始吃那个药了怕是一条 不会完全好的路了,0,0
leo和呱呱,我觉得是很难装的 我之前轻度抑郁➕焦虑 瘦了十斤 吃不下饭 睡不好觉 晚上老是哭什么的 整个精神状态都很压抑颓废 现在吃药调整过来了 体重也长了点回来 脸色也好了 能吃能睡 也许情绪可以装一下 但是那种暴瘦吃不下饭面色苍白眼神空洞黑眼圈虚浮整个人看起来要枯萎了的感觉是很难装出来的....而我这还只是轻度而已....,0,0
匿名用户,其实我更好奇有没有可能抑郁但是查不出来偶然认识一个女生说她有抑郁症，校医务室说她没有，她对着人家破口大骂，然后导员和她妈妈带她去医院，医生还是说她没有，她和我说她要搞死那个医生，时间太久了我忘了她原话，大概意思是她的病是她自己演的 想象出来的，她经常发一些很凶的话，我很怕她，一开始有和她聊天想帮帮她，后来她退学了，发的那些东西我也不想看了，我太容易被别人情绪影响就把她删了其实我也有几个抑郁症朋友，有个很内向，因为是我朋友班上转来的，她以前喜欢对我朋友说很多话，后来来我们班我也很关照她，但是玩不到一起，我和她能聊的只有我朋友还有个抑郁症朋友，活得很潇洒，她和我说了我才知道，也不知道能帮她什么，就让她需要我的时候和我聊聊天，她一直在感谢我，其实我觉得她给了我很多温暖我却不知道怎么帮她,0,0
白钒,当然可以，很简单1.问题有答案在做网上的那些抑郁症测试时，我们明显就可以看出来一些问题的指向性，比如说“你是否有时无缘无故的难受”，我们在想要装抑郁症时就会直接选是，那其实谁也不知道实际是啥样，想一想心情不好时是啥样就朝哪个方向答，谁都有过抑郁情绪但不是谁都抑郁2医生不专业或不负责任我之前和家人去医院医生就问睡眠状况怎么样，我就说要两个小时才能睡着（其实我当时根本不知道两个小时是什么概念）结果出来直接就是中度抑郁，焦虑。我家人质疑，医生直接说“他都要两个小时才能睡着哎”（当然不能直接就说不是抑郁，但是这里医生主要就是没有多问而感觉不负责任）以上是针对标题的回答 但是我感觉题主目的不纯当然有那个同学是装的可能性但万一人家是真的呢，是有那种表面很开朗内心却很痛苦的人的，他开朗的一面能被题主看到，说明他是一个十分善良的人啊（不希望自己的坏情绪影响他人）就算这样的人真的没有抑郁症 ，也是值得交的朋友吧可能题主一直和他交往知道一些我们不知道的事吧那我就不多嘴了但是那，对别人怀有恶意是一件很痛苦的事希望看到这个答案的小可爱们都天天开心（∩▽∩）,0,0
匿名用户,就题主这智商情商还能上的了大学？WTF？打死我也不信,0,0
璟之,只是因为头痛，去医院就诊，当时无业，因为头痛的脸色很差，医生啥都没检测直接给我开了一瓶抗抑郁症的药。。。,0,0
匿名用户,亲身体验过一晚不要睡觉，第二天去医院查，脑电波心电图全都指示我抑郁了。当然也不排除我真的抑郁了，正常人为什么一晚上不睡觉 ,0,0
长安城里一书生,首先关于抑郁症会有一个测量表来判断。然后这个测量表中有一些问题就是用来测试可信度的。如果这些问题的分数没有达到相关的标准，本次测量无效。,0,0
花涧尘,说出来你肯定不信 我抑郁最严重的时候120斤 去医院经过治疗后80斤。好了么？不好意思还没有。但我最难过的时候看起来笑的依然很开心。,0,0
大小姐,zz……,0,0
匿名用户,看到这个提问，我突然想到不知道在哪里看到的一个抑郁症患者的一段话我最想死的瞬间，是参加熟人的聚会，一个笑嘻嘻的人凑过来说“我最近有点不开心，你把你那个药给我一片吃吃”,0,1
莫长安,看到这个问题的时候我也很好奇，但看到描述我很无语也很气愤。抑郁症患者也是人，能生活的人，是非常渴望被温柔对待的。好话高赞都说了那我就说说难听的吧。题主的描述处处透露着恶意的猜疑和无知的揣测。这么发出来是想让大家一起和你抨击你主观认为在假装患病的同学吗？在网络上装病不谈，现实中装病有什么好处？何况导员还会一起跟着演戏？题主还是多了解一下这个疾病会带来什么样的痛苦吧，抑郁症是没法感同身受的有时候加重一个抑郁症患者病情的就是一句无心的话或者一个小小的动作,0,0
匿名用户,抑郁症假装正常人，去医院检查，心理测试很多条反着选，被诊断为非抑郁症。以上为真人真事,0,0
FranXx,我觉得我就是没有病，被误诊的，应该很简单就可以被诊断的,0,0
匿名用户,题主真的有点阴暗了，或许正好可以去医院查查心理问题，一箭双雕,0,0
画扇,我他妈想告诉你，抑郁症检查不只是医生问答和做题，还需要一系列的医学检测。您心理得多阴暗这样揣测别人？况且，人是不是抑郁都与你无关，做好你自己不恶意揣测屁事没有。,0,0
输入用户名,可能会，但是抑郁很难装出来，但是想要领一张病例，能领出来。同时抑郁症完全装作正常人，装作正常人对他们来说是特别累的。我还是希望你不要带着眼镜去看他，因为你不知道你觉得无所谓的一句话对他的伤害有多大。就像雪崩，没有一片雪花觉得自己有错。,0,0
超喜欢红富士,额，这个不会的。医院有检测的一系列操作。如果假装抑郁去测就能被诊断成抑郁症，那不是乱套了。你要吃药，药有副作用。最好的事，就是没有。,0,0
匿名用户,真的抑郁症也可以装作是正常的啊,0,0
匿名用户,会自评,0,0
momo是话痨,？？？？一开始我以为是认真地想要求科普的，一看你问题下面的详细内容我都觉得懵逼，都啥玩意儿啊？一套正常检查下来起码要一千左右，抑郁不是假装就能假装得出来的，正规医院里医生是不会给你开玩笑的，如果她真的假装抑郁了，服药的副作用足够教会她做人。看着别人开开心心的就觉得别人是假装抑郁了吗？我本人，双向障碍➕重度焦虑➕强迫症➕其他各种乱七八糟的病，在服药后没有完全康复，但依然能够正常生活上班，在公司也能跟老板同事正常打趣儿。不要把自己的主观情绪强加在别人身上，讨厌她跟她生病是两码事，这么追根问底地想知道别人是不是假装抑郁，是为了什么？我来阴暗地猜测一下：如果对方是假装抑郁，心底就暗暗想“果然这个人就是这么坏这么虚伪居然假装抑郁呢”，然后很开心，又有谈资跟小姐妹吐槽了，甚至各方求证做好准备随时戳穿别人，以表正义；如果别人得抑郁了，是不是还要在心底里暗暗再骂她一句“”活该她抑郁，做了让我不舒服的事”？她做了什么让你这么讨厌她？她使你利益受损了？她压榨你了吗？她伤害你了？她让你残疾了吗？她会让你一辈子都产生阴影吗？她也会让你得抑郁吗？如果是这样的话，你想要报复，我觉得能理解的，“以眼还眼”嘛（当然我个人不喜欢报复，比较佛系，懒得实施计划）。“”讨厌她”与“”她生病”，完全是两码子事情。别再刨根问底了，讨厌归讨厌。这样仔细想想你真的会开心麽，居然因为讨厌一个人而去质疑别人的病情，远离不就好了吗，非要自己暗戳戳地去证明别人真的像你想象般的那样坏，这又有什么意思，就为了证明自己对她的判断是正确的吗？未免有点幼稚。,0,3
匿名用户,我九月份检查出中度抑郁和轻度焦虑，我跟两个要好的朋友说了，但是她们不信。“你说你焦虑我信的，你不可能抑郁的”“你这些症状不是抑郁症吧”你看这个病不会被理解的。,0,0
江舟渔火, 其实抑郁症并不可怕，可怕的是你不敢接受这个现实，建议你不要把你的重点都放在你自己身上，你需要去看一看外面的世界，多关注一下其他人，也就是说忘掉自我啊！如果到了自己不堪其扰，不能承受负面情绪的时候，你可以适当的借助一下药物治疗，减轻恶劣情绪对自己的折磨，然后培养正确的生活习惯，加强体育锻炼，经常和朋友聚一聚，把自己心里的话大胆说出来，哪怕朋友的安慰，仅仅是敷衍，慢慢你会好起来的，因为我也曾经到达过抑郁症的边缘，如果你不能强迫自己改变，一旦走向抑郁症的漩涡，后果可能很会严重，届时积重难返，就很恐怖了！放松自我，把自己交给自己的家人或者知己，相信你一定会好起来的！,0,0
匿名用户,我假装抑郁症去了但是医院不只是看精神状态还有身体指标我觉得要被识破了但是确诊了,0,1
张半仙,你假装精神分裂去精神病院他们有可能会把你关起来的,0,0
selene,无知，你以为抑郁症是什么？,0,0
可乐软糖和薯片,抑郁症啊，不是说你做几个心里测试题你就抑郁了抑郁症等心里疾病是有专业仪器检验、测量的，是有指标你的心理上的问题只是起到辅助，焦虑人人都有，但是抑郁症、躁郁症等心理上疾病，是能够通过影像和实验室的分析得出较为贴近的结论的所以啊，你装的肯定不行，顶多说你焦虑,0,0
林小月,为什么他们是医生呢，因为他们在这个领域是擅长的，你可以装作自己有抑郁症，可他们有他们自己的一套方法哦。多巴胺测试，是否分泌正常，等等，表情你可以装出来，但是生理上的你是控制不了的，所以装病就想骗过医生，这么容易骗，他们医生是干嘛的。想法太幼稚了，虽然不知道你发生了什么，但是世界依然美好，吃药很是痛苦。,0,0
匿名用户,你知道吗，医院是可以检查出神经递质不平衡的。,0,0
Gogo Xu,不会的，看了高票答案看到了题主原来的问题真是心里一凉。想来还是有很多人对于这个病症，有着很深的误解。我前段时间去医院被确诊为中度的焦虑症与抑郁，我平时其实是一个非常正常的人，起码说是看起来非常正常；甚至有第一次跟我见面的人对我的评价都是，乐观，开朗，跟我聊天能够觉得我是一个有趣和沙雕的人。我的朋友圈里，几乎找不到，有关于我关于抑郁情绪的明显痕迹，朋友圈里较多自拍，旅游照片，沙雕文字记录；但是我确实是每天都在饱受情绪的折磨，严重的时候会在上班时间无法继续进行手头上的工作，但我现在依旧在所有人眼里活的很正常；大概现在最大的感受是不想给其他人带来负担，难受的时候也不想把这些负面的情绪传达给其他人，整个人的情绪好想在平行的两个路线上，为了维护正常生活的大脑有的时候觉得有点辛苦。希望大家能对这个群体，多点理解与包容很少有人会愿意拿这个去医院开玩笑的,0,0
高阶领主阿拉纳克,这个周末我就要去医院假装抑郁症了，看我会不会成功吧hhhh,0,0
D兜兜兜 love,我去检验抑郁症的时候，做了几个调查问卷，然后那个调查问卷是会有一栏是掩盖性，就是说如果你想装的话，它是有一定数据可以就是显示出来你是不是真是认真在答题，我觉得他可能会有些问题的答案会有统一性，会冲突就看你回答的一不一样看看你是不是在装，所以这个一般是掩饰不了。。,0,0
白衣渡川,您真的以为抑郁症是可以装出来的吗,0,0
ceciliame,如果不是主动说出来，感觉自己生病了，要去医院检查，谁也不知道我得了抑郁症。,0,0
梁燕,抑郁症不是说单纯地情绪低落。你分手了很伤心，闺蜜给你介绍了个高富帅，你立马就好了，这叫难过，不叫抑郁症。抑郁症的伴生症状是情绪的低落（注意区别）和感情的麻木。分手了感觉不到伤心，银行卡到账二十万而感觉不到高兴，这才有可能是抑郁症。,0,0
匿名用户,我就是你口中描述的那种人，有爱好，能说能笑，胃口还不错。看着比其他人还开心。就是传说中的谁有抑郁症都不可能是我的人。然而呢？然而我去了医院经过一系列的诊断后，确诊重度抑郁。我已经一个多月都三点多钟才能睡着了。实施了自杀行为。崩溃的时候就不像个人。我今天觉得挺好的，我还挺开心的买了一盒老婆饼，还吃了一串烤年糕。然后我想着，趁我情绪还好的时候再了解一下这个病。就看到了你的问题。我在想，要是有一天我也被知道了。是不是也会被这么说。说我是装的？？我感觉我难得的好情绪被你破坏了。,0,1
小小,哥哥（张国荣）了解下,0,0
轻述,请你善良,0,0
就想要个女朋友,你真的恶心。你既然不信，别人说多少都没用。你不知道她的过去不知道她在你们看不见的地方崩溃成什么样，你就没资格说话，就必须把你的嘴给我闭好了，别把你那种愚蠢的想法散播出去。什么都不了解还偏偏要假装自己很懂。我是抑郁症患者，但是我的社交是绝对没问题的，我平时看着开朗，笑的非常OK。但天知道我有多想永远消失。人本来应该最爱最爱自己的，但你知道那种自己好像分裂成了两个，互相痛恨互相殴打指着对方的鼻子大吼“你去死啊！快点去死啊废物！”自己仇恨自己的感觉你真的体会不到我盯着手臂上的疤的时候，感觉它们又撕裂了，流着血，蠕动着一遍一遍说“去死去死去死去死去死去死去死去死去死去死去死去死去死去死去死去死”你是不是嫉妒或者讨厌那个得了抑郁症的女孩。我劝你做个人,0,0
静心,我亲眼看到杀生的果报1 我年轻的时候无知，喜欢打猎，所以造的杀业很重。抗战期间，跟日本人打仗，我父亲是个军官，而且他是个军械官，他所管的就是这些武器弹药，所以枪枝使用就非常方便。2 我记得在那个时候，我们家里头长枪、短枪总共好像有八支，子弹很多，所以我父亲天天出去打猎。他起得很早，天还没亮就起来了，把我们也叫起来，跟他一起去打猎，每一天都有猎物带回来。3 那一段日子生活很辛苦，但我们家里天天有肉吃。我们打鸟、射杀野兽，我们也用黄色炸药去炸鱼。我那个时候跟父亲打了三年猎，不出去打猎也练射击，所以我年轻的时候枪法非常好。这个三年，我杀害的众生很多！4 打猎，结的冤仇就多了，所以这一生，生活非常之苦！我跟家人不能团聚，我相信是业报——我杀生，叫鸟兽一家不能团圆，我应当受这个果报。学佛之后，才真正知道忏悔。所以我一接触佛法，了解这个事实真相，我就吃素食、放生、布施医药，赎我过去的罪过。5 我父亲四十五岁过世，过世那个样子，那种杀业的果报，跟《地藏经》上讲的完全相同！他为人很善良，待人很好，但是杀生，待动物就不好。我亲眼看到杀生的果报，那个非常痛苦！6 他生病，那个病就是我们中国人讲“发疯”，外国人叫“神经病”。他疯狂，看到水，就往水里面跳——杀鱼杀得多；看到山，就往山上跑——杀野兽杀得多。受了将近半年的折磨，他走了，这给我很深很深的印象！7 从此之后，我再不去碰枪枝，我明白了：因果报应，丝毫不爽！我父亲给我示现的，是杀生的果报，叫现世报，果报在三途！8 非常可惜！我们接触佛法的时间太晚，我是二十六岁才接触，如果能够提前十年，这些罪业就不会造了。http://weixin.qq.com/r/PC5fR7nEq_TUrf0k93su (二维码自动识别),0,0
匿名用户,要看检查的具体项目包不包含一些客观的生理检查我去检查的时候测过红外 给头上戴一个仪器 然后让我重复12345 说水果  会测大脑里的血流还有什么峰值的东西 结果是焦虑可能性较大还有一个是测心脏什么变化频率的 手指上带一个夹子三分钟 测出来我心理应激和心理压力两个数值大于正常值 除此之外的两个自测表 虽然题目很多很多很多 一个566 一个90 但是由于我做的太快 加上心绪不宁 结果是中度和重度抑郁 但是最下面写着 答题时间快 夸大现象存在 要结合临床 说实话 由于我约的这个号时间比较晚 导致我最难受的那段时间已经过去了 这一周基本上还是心情不错的 我还想估计不抑郁了 结果大夫一看我 特别友善温柔的问我具体情况 我一和他对视一下哭出来了...我都不知道为什么 估计是压抑太久了 所以你可能觉得自己没问题 但是实际上真不好说,0,0
匿名用户,完全可以，测试量表怎么消极怎么填，医生描述怎么消极怎么答。还有这个验血和脑ct是验不出来的，做这两个是为了排除你是否有躯体病症和开药的时候可以做参考。脑电波可以检查焦虑情况，但是不能做完全依据，因为抑郁是像波伏线一样时高时低的来。,0,0
匿名用户,不会。你以为心理测量表和脑电图是摆设吗朋友？,0,0
李绿甜,会。抑郁自测表是可以用逆向思维填写的。但是血检做不了假～ps.本人最恨装抑郁的人 请各位善良,0,0
栗子,不喷啦，我就是想说，小心假戏真做，别装出真的来了，真的抑郁不太好,0,0
匿名用户,看问题日志原题主真的是欠锤。只要你认真查资料，提前编好一套比较完整的说辞，基本能骗过，如果只去一次的话。脑电波什么的，听说大部分是坑钱的玩意儿，而且报告结果你压根看不懂。反正我去看的时候根本没有人说过这个，直接面诊了，医生也没提，正规三甲医院。第二三次通过吃药反馈医生绝对能看出来。我小学的时候就查过抑郁症的词条，第一次看，当时是非常非常害怕自己得病，因为家有儿女里刘梅说了一句：“抑郁症可是精神分裂的前兆啊。”现在看来不怎么严谨。但如果你想想，如果抑郁症是精分的前兆，你觉得骗这病还有意思吗？,0,0
風中之嘯,除非妳的腦電波配合妳，不然應該不可能，,0,0
哈哈哈,只做表格还可以伪装，我是测了心电图和脑电图都有抑郁诊断,0,0
匿名用户,实话实说我觉得可以，因为我自己去医院诊断的时候，补充一句我去的是上海精神卫生中心。一进门医生啥也没说，问我之前做过测试吗？我说没有呀，她就刷刷刷给我开单子去电脑做测试，测试就是类似网上那种在线测试题，测了三四个吧焦虑症抑郁症性格之类的。测完报告写的抑郁症焦虑症xx程度，拿给医生看报告，医生就给我开药了。这种测试题，如果要假装不就往程度高的选么？有什么难的？要装也太简单了…我看的还是特需什么副主任级别的，反正也是靠电脑测试题啰～太好装了。,0,2
辰风,到底要死多少人你们才会正视抑郁症。,0,1
匿名用户,题主的原描述，真的很恶心。但若只回答问题，那么答案是可以，非常简单，有心的话诊断书能轻易弄到，即便是在正规三甲医院。,0,0
匿名用户,你可以做调查表的时候把所有都填最严重的但是会有一个机器测大脑，应该作不了弊,0,3
匿名用户,抑郁症严重是事实，但是我们不是医生，无法确认身边的人是不是得抑郁症，问这个问题很奇怪么？如果我去医院什么不想说话，表现的很情绪低落，跟医生说我想自杀的念头，其实在家只想打游戏耍，不想出门，这种让旁人产生怀疑提这种问题有什么好奇怪的,0,0
匿名用户,去医院会怎么诊断我不清楚，我只能说，原本就戾气重的人，得了抑郁症后也不会变得小心翼翼，戾气还是一样重，而且在此基础上再加一层敏感。患者要求他人理解，要求他人包容，也不是不可以，可我们自始至终都是常人，从生理和心理来讲都不可能感同身受，难免会产生疑问啊？怎么就得被骂甚至被诅咒了。借病耍流氓么？题主唯一不该做的，就是把一系列小心思晒给众人看。谁也不是360度阳光大使，但谁最先暴露自己黑暗面，谁就难免要占舆论下风了。,0,0
木瑶,题主的话让我想到我的一个“朋友”。她凭借装抑郁症跳过了无数次考试，然后拿到答案以后补考。方式跟你说的一样。你这样去跟医生说的话，无论如何医生都不敢说你什么问题都没有，因为就算你是装的，也有万一的可能性你真的会自杀。而医生可能因此承担责任...所以如果你想用这种方式做些什么投机取巧的事情，可以。不过真的要想清楚，凭借装柔弱获得的同情到底有什么意义...骗人...真的有那么有趣吗？我没得过抑郁症，不懂身患抑郁症的人有多痛苦无助，但就是因为有你们这样的人...抑郁症的人才更加不被别人理解...,0,0
匿名用户,想什么呢，除了量表测评外还要测试脑内神经递质分泌情况的。这是有多大的误解才会这么想的啊orz,0,0
行脚僧,觉得不可能，我是去看失眠的，然后才知道失眠和心理卫生是一个医生，然后就被诊断为抑郁症，外表上根本看不出我与其他人有什么区别，该吃吃该说说该笑笑，但是我长期早醒失眠，情绪低落，提不起兴趣，然后医生说我抑郁症，根本不用测，当时看我的状态就知道了，我当时的状态很差，是没法假装的，你要是那种状态都能假装那你就是奥斯卡影帝了,0,0
匿名用户,我不想说恶意的话，但是真想拍死你。无论你有何恶意目的，也不要以别人取乐。去医院这么做极可能会被判定抑郁症，花钱给自己安病，你也是醉了。NND,0,0
呼呼,我焦虑伴抑郁已经躯体化，看临床心理以前医生会给你开一堆单子去检查，排除不舒服的部位是否有器官病变，如果没有就建议看心理门诊。看心理门诊的时候医生会先跟你聊个把小时，之后做一堆测量，结果出来后又跟你聊很久，之后确诊，吃药，每周复诊，复诊又要跟你聊很久。聊到你觉再聊下去有可能发病。,0,4
Bloom,我，三甲医院确诊快一周了。但我还是希望是误诊。或许是其实什么让我不断失眠早醒没食欲，恐慌发抖麻木，不想起床不想走出房间不想打理自己，甚至很长很长时间，不敢照镜子。所以，现在在知乎上查，抑郁症是否可能误诊。,0,0
匿名用户,说实话，我觉得题主只是想通过装病躲过一些事罢了，没什么别的意思，一群人慷慨激昂地扯到哪里了,0,0
匿名用户,会啊，但是你得装的像才行。而且这个医院不是专攻心理。剩下的三甲医院的心理医生也能骗过。我去年十一月份试了一下。当时我看了两本关于抑郁症的书，然后背了mmpi的500多道题，又在知乎看了一些抑郁症患者的自述。然后找了一家三甲医院，和心理医生谈了一小时、答题。最后医生诊断我有重度抑郁症和轻度焦虑。我听说有的医院是要做脑ct和验血的，我估计那样的应该骗不过吧。,0,0
匿名用户,装不出来的去查查抑郁症患者的图片你会发现他们的眼睛都是死的——————且 抑郁症患者容易自我怀疑你问他是不是有抑郁症 他自己可能都会否认觉得自己是在作 在装——————生理反应中度之后会出现生理症状或失眠或厌食或暴饮暴食等这些会投射到身体状态上不是撒谎就可以做到的——————社会关系抑郁症患者有时会因为病情做出一些不理智的事情这些事情有时会阻碍自身发展没病的人是不会做这些蠢事的——————抑郁症患者根据病情会有不同的状态 且因人而异相信医学 及时就诊——————请善良地对待身边的人,0,0
匿名用户,好医院好医生预约或者加号都很难，你不信也请不要碍着我们变正常的路好吗... ...珍惜你现在的幸福和快乐吧，抑郁难受的时候，死是比较简单的选项。,0,0
匿名用户,演技不好可能量表测试都骗不过哦~,0,0
孙江海,做一堆测评卷子；验血（五天才拿报告的那种）；脑电波测试两种；医生的问答。卷子可以胡乱填，验血和脑电波不知道怎么造假，至于医生问答，我觉得真想欺骗的话还是可以骗一部分的。,0,4
小台风香港站,医学界有一个和法律界相同的原则：疑病从无。只要没有临床检测和实验数据的支持，一切症状都无法证明罹患任何疾病，正规的医院亦不会提供任何处方、药物和治疗。即使是暴毙而亡，只要法医无法检验出生前患有任何疾病，都不能当做病故。没有经过专业仪器的检测，只听求医者一面之辞就开药的，是恶医和庸医所为。,0,8
匿名用户,话说有些人怎么觉得做个测量表就确诊抑郁症啦？确定医生写的不是抑郁情绪吗？一般不行吧……我是在精神科医院确诊的抑郁症，过程挺严谨的，要多次复诊，然后两位专家同时诊断才能开出证明来着。然后我还被验了血，和脑电波来着好像？？然后留了我的档案。,0,0
去年今日,很难，专业演员都演不了那么逼真。非抑郁症的人假装抑郁症患者，在专业医生眼中特别好辨认，就像电影《不见不散》中葛优装盲人约会徐帆，徐帆突然一句“谁钱包掉了”，葛优马上原形毕露。临床上大多数病都不能假装，但是脑震荡可以，所以医生开具诊断都不写脑震荡，规劝一句有在必要情况下装脑震荡的想法的朋友，这套过时了，断了念头吧。假装抑郁症的后果很严重，正常人服用抗抑郁药物对人体损伤特别大，收起不切实际的想法吧:-D,0,0
Young Hitz,已经服用欣百达+喹硫平片+劳拉西泮将近三个月，医院会有完整的一套测试检测流程在，正规医院医生也是大部分有经验的医师，因为得抑郁症的真的不在少数，所以你的假装骗不了他们。病人的眼神（PS:别问我怎么知道，进去就医就会发现周围抑郁症患者和正常人，明显的气场，眼神不一样），病人的交流，病人的反应，病人的历史，体检，抽血，心脑电波仪器等等都会辅助医生判断。真的得抑郁症了，你是不会来知乎问这个问题了，人不了解自己也许比不了解这个世界，更可怕。网上的测试你也肯定会去做，会去套用，但是真的没有心理情感障碍的人，你真的可以问心无愧的表现出那副以为抑郁症的样子吗？,0,9
匿名用户,我觉得可能会吧，我是去了医院检查的，做的测试表都不太好，然后医生还会让做脑电波什么之类的，但是这些检测我都蛮正常的。但是医生还是给我开了药。我觉得我没有什么特别的生理上的症状。我觉得我算是因为认知的原因导致的持续的自我贬低，大部分都是心理原因。心理辅导也做了一年做了，相比吃药的感觉，我还是觉得心理辅导给我的感觉更好。,0,0
二营长di意大利炮,。。。。。。。。。。小土名豪   腰拴佛串 腿帮金链 油头粉面  阿玛尼穷耐克  去躺医院1500  能吃能睡医生整个抑郁心理治疗贼便宜 一次耐克一波走  能跳能嗨就没事 别以为自己是Lesliechuang,1,0
匿名用户,谢邀。我们把抑郁症妖魔化了。百科定义是持续两周以上的心境低落。但是你心中的抑郁症是什么？有多可怕？好多人去查都会有不同程度的抑郁的。换句话说，谁没点不开心或者压力大啊？我想每个人都或多或少经历过升学压力，失恋伤心，离家思乡，各种原因自卑（长相、肥胖、贫穷，学习成绩等），对未来的迷茫，工作压力和人际，结婚后和双方家长的关系，女性产后抑郁等等。这些因素都会持续两周以上，所以这些时期实际上我们都会有抑郁的，只是程度不同而已。平时报道的抑郁症大多是严重的，或者是本来很小的事，没有及时疏解，钻了牛角尖。记得我高二高三时，学校最流行的口头禅就是“郁闷啊”，想必那是在极大的升学压力下，我们经历的一次大规模抑郁。你这个同学应该没什么大问题，可能有什么事情没有及时得到疏解吧。想家啊，失恋啊，自卑啊，单恋啊等。如果她能找到信任理解她的人多聊聊会好些。想想你自己，有没有一些心结或是压力？譬如长辈对其它人的偏爱，对身边漂亮女生的羡慕，喜欢的人喜欢别人，毕业时与好前程同学对比的自卑等。这些想不开都会造成短时期的抑郁，再加上其它因素，很可能造成更长时间的抑郁。我本科毕业出国留学，那一年就有些抑郁。一是组里压力很大，没有朋友和自己的生活，二是异地恋分分合合，前男友无预兆的结婚，三是有家不能回想家，四是经济压力。后来意识到这些原因，各个击破，也就好了。其实生活没有过不去的坎，即使再多坎一起来，调整好心态也能迎刃而解。总之，实事求是的回答的话，很多人都能测出抑郁，或者是都曾经有过抑郁阶段。抑郁症就是生活中有些事让你不开心，而且持续一段时间。当你不想这件事的时候也能开心玩乐。也就是你同学去学街舞，交新朋友等。说到抑郁症测试，并不需要有自杀倾向啊，不想吃饭啊才是。那些估计是非常严重的抑郁症吧。如果经常想到一些事不开心，食欲不振或者暴饮暴食，羡慕别人，自卑或者觉得自己不够好（相貌，学习，性格，家境等）等等，都可能测出是的。,5,0
匿名用户,先别急着回复，正因为我不了解抑郁症所以我也基本没有把这个事说出来过。首先我觉得抑郁症是一件非常非常不幸的事情，希望你们都能好起来。我有个同学，初二的时候因为抑郁症休学了。她和我说只要做测试的时候往消极了答人人都是抑郁症，她只是不想上学而已。我不知道她是怕我把她当另类才这么说的还是……关于抑郁症我的理解是，每个人都会抑郁，所以基本上每个人都想过自杀。而抑郁症患者的抑郁，持续时间长，更频繁，甚至一直处于抑郁状态。不知道对不对……,0,0
匿名用户,题主根本不懂得什么是在夜里翻来覆去甚至难受到想要自杀的感觉，根本不懂得我们被亲人误解时那绝望的心情，题主现在居然还在这里拿抑郁症来开玩笑？这是你一个丝毫没有同情心的人所能涉足的地方？拿我们抑郁者们当绵羊？想踩就踩？想捏就捏？我今天不在这里为抑郁者们讨一个公道，真的不知道今后还有多少人会被你这样的人所伤害！题主你哪儿凉快哪儿呆着去，我们不需要你这样的人在这里得瑟！,0,0
匿名用户,你知道微笑抑郁吗？,0,0
匿名用户,会。坐标上海。上海市精神卫生中心，三甲医院。看过两个副主任医师，特需，第一个医生甚至连量表都没有让做，就诊断了，第二个医生让做了SDS。去过市级精卫，也去过区级精卫，医生诊断的依据是你的陈述，和量表。量表用的都是SDS，SDS题量很少，你想填重就能重，想填轻就能轻。如果真的假装抑郁，是能被诊断为抑郁症的；同理，如果抑郁症假装自己正常，也是能做到的。ps：我也是导员带我去的,0,0
匿名用户,我想你肯定没有体会过表面笑呵呵，活泼开朗，可衣服下的胳膊上满是疤痕，长好的没长好的，流血的结痂的。一定没体会过突然眼泪下来只能假装揉眼睛怕别人看出什么来，一定没体会过睡觉睡了十五个小时的感觉，一定没体会过明明不饿却知道自己必须吃饭然后强迫自己吃饭的感觉，一定没体会过对什么事情都提不起兴趣，哪怕是自己曾经最喜欢的事情，一定没体会过想好好上课考试好好考，可没办法集中精神的感觉，一定没体会过记忆力下降，忘记事情的感觉，一定没体会过心跳经常加快的感觉，一定没体会过时不时的头晕耳鸣的感觉。一定没体会过假装自己像个正常人一样社交时心里的忐忑吧。一定没体会过那种一件小事，一句无意的话，在心里引起的地震海啸。这些你可能没感受过，也希望你不要感受到。你周围的人，有的看上去搞笑，有的看上去冷漠，有的看上去神经，有的看上去内向，有的看上去活泼，可每个人心里都自己的苦难折磨，你不是人家也不了解人家，就不要妄加揣测，给自己带来郁闷纠结，会给别人带来什么就不一定了，甚至有可能是压垮他的最后一根稻草。,0,0
霖以震,不会的，抑郁症和其他疾病没有太大差别。首先，医生是专精于疾病的职业，题主对抑郁症和医生有什么误解吗？说出这种问题，还不知廉耻的假借「询问」的方式再次肯定自己坐井观天的想法，你很可笑你看到别人开朗 自信 活泼，就是没有抑郁症吗？嗤，可笑至极。小刚头疼，去医院查出脑瘤，向朋友哭诉对疾病的恐慌和内心的无助；他的朋友笑了笑“你小子昨天还不跟风买了新游戏，上周还和我们去唱歌。现在来卖可怜骗医疗救助？WTF？打死我我都不信”可笑吗？很可笑完全不了解这件事，也不了解当事人。就抱着莫名的优越感到网上找认同感真正可怜的家伙是你啊,0,0
匿名用户,感受到题主满满的恶意。这么阴暗的心理是不正常的。建议题主及时治疗。,0,0
