半个多月,recent
半个小时,recent
半个月,recent
半年,furthest
半天,recent
半小时,recent
半夜,recent
半月,recent
傍晚,recent
除夕,furthest
春季,furthest
春节,furthest
春天,furthest
大前天,recent
当天,recent
当晚,recent
妇女节,furthest
国庆,furthest
国庆节,furthest
过去两周,recent
过去七八年,furthest
过去一年,furthest
过去一天,recent
后半个月,recent
后天,recent
黄昏,recent
几个月前,furthest
几年前,furthest
几十年,furthest
建军节,furthest
今年,recent
今日,recent
今天,recent
今天晚上,recent
今天下午,recent
今天早上,recent
今天中午,recent
今晚,recent
今早,recent
近二周,recent
近几年,furthest
近两个星期,recent
近两年,furthest
近年,furthest
近十年,furthest
近一月,recent
两到三个月,furthest
两天,recent
两天多,recent
两天后,recent
两天之后,recent
两小时,recent
两星期,recent
两周,recent
两周多,furthest
两周后,furthest
两周前,furthest
两周以上,furthest
凌晨,recent
零点,recent
每个礼拜,recent
每个晚上,recent
每个星期,recent
每个月,recent
每秒,recent
每秒钟,recent
每年,furthest
每日,recent
每天,recent
每晚,recent
每夜,recent
每一秒,recent
每一秒钟,recent
每一天,recent
每月,recent
每周,recent
明年,furthest
明天,recent
明天晚上,recent
明天下午,recent
明天早上,recent
明早,recent
年底,furthest
七八分钟,recent
七八年,furthest
七八年以来,furthest
前2年,furthest
前半年,furthest
前两个月,furthest
前两年,furthest
前两天,recent
前年,furthest
前天,recent
前天晚上,recent
前一分钟,recent
前一个月,furthest
前一秒,recent
前一天,recent
清晨,recent
秋季,furthest
秋天,furthest
去年,furthest
全天,recent
上个月,furthest
上年,furthest
上午,recent
上星期,recent
上学期,furthest
上一秒,recent
上一天,recent
上一晚,recent
上周,recent
深夜,recent
暑期,furthest
数年,furthest
数十年,furthest
同年,furthest
晚上,recent
午后,recent
午间,recent
午夜,recent
下半年,furthest
下个月,furthest
下午,recent
下星期,recent
下学期,recent
下一秒,recent
下月中,furthest
下周,recent
下周六,recent
下周三,recent
下周一,recent
夏季,furthest
夏天,furthest
现在,recent
夜里,recent
一百天,furthest
一分钟,recent
一个白天,recent
一个半小时,recent
一个多小时,recent
一个多星期,recent
一个多月,recent
一个多月前,furthest
一个礼拜,recent
一个世纪,furthest
一个晚上,recent
一个小时,recent
一个星期,recent
一个月,recent
一个周,recent
一两个小时,recent
一两个月,recent
一两年,recent
一两天,recent
一两周,recent
一秒,recent
一秒内,recent
一秒钟,recent
一年,furthest
一年多,furthest
一年后,furthest
一年内,furthest
一年前,furthest
一日,recent
一时,recent
一时半,recent
一天,recent
一天24小时,recent
一天二十四小时,recent
一天两天,recent
一天一天,recent
一天一夜,recent
一天之后,recent
一晚,recent
一晚上,recent
一小时,recent
一星期,recent
一夜,recent
一周,recent
一周多,recent
一周后,recent
一周两周,recent
一周前,recent
元旦,furthest
月初,furthest
早晨,recent
早上,recent
早一点,recent
这个月,recent
这几天,recent
这一个星期,recent
这一个月,recent
这周六,recent
这周末,recent
周二,recent
周六,recent
周末,recent
周日,recent
周三,recent
周四,recent
周五,recent
周五的晚上,recent
周一,recent
周一的晚上,recent
最近,recent
最近2个月,recent
最近3个月,recent
最近几天,recent
最近两个星期,recent
最近两个月,recent
最近两年,furthest
最近一个星期,recent
最近一年,furthest
最近一周,recent
昨日,recent
昨天,recent
昨天晚上,recent
昨天下午,recent
昨天夜里,recent
昨天早上,recent
昨晚,recent
