将近,addegreedeep
易,addegreedeep
八九不离十,adegreedeep
百般,addegreedeep
饱,adegreedeep
饱,ndegreedeep
饱满,adegreedeep
比较好,adegreedeep
必,addegreedeep
必定,addegreedeep
必然,addegreedeep
必先,addegreedeep
必须,addegreedeep
不懈,adegreedeep
不懈,addegreedeep
惨,adegreedeep
惨白,adegreedeep
惨烈,adegreedeep
惨痛,adegreedeep
超,addegreedeep
超高,adegreedeep
超级,addegreedeep
超级,adegreedeep
彻彻底底,adegreedeep
彻彻底底,addegreedeep
彻底,addegreedeep
彻底,adegreedeep
彻头彻尾,adegreedeep
充分,adegreedeep
充足,adegreedeep
出奇,adegreedeep
处处,addegreedeep
大,adegreedeep
大,addegreedeep
大,ndegreedeep
大把,addegreedeep
大都,addegreedeep
大多,addegreedeep
大多,adegreedeep
到处,addegreedeep
都,addegreedeep
都行,adegreedeep
都是,addegreedeep
多,addegreedeep
多,adegreedeep
多,ndegreedeep
非常,addegreedeep
根本,addegreedeep
根本,adegreedeep
更,addegreedeep
更惨,adegreedeep
更大,adegreedeep
更多,addegreedeep
更多,adegreedeep
更高,adegreedeep
更好,adegreedeep
更好,addegreedeep
更好,ndegreedeep
更好地,addegreedeep
更加,addegreedeep
更可怕,adegreedeep
更厉害,adegreedeep
更美好,adegreedeep
更强大,adegreedeep
更全面,adegreedeep
更容易,addegreedeep
更少,adegreedeep
更严重,adegreedeep
更有趣,adegreedeep
更有甚者,addegreedeep
更有效,adegreedeep
更糟糕,adegreedeep
更早,adegreedeep
更直观,adegreedeep
过,addegreedeep
过大,adegreedeep
过低,adegreedeep
过度,addegreedeep
过度,adegreedeep
过多,adegreedeep
过多,addegreedeep
过分,adegreedeep
过分,addegreedeep
好多,adegreedeep
好多好多,adegreedeep
很,addegreedeep
很low,ndegreedeep
很好,adegreedeep
很不错,adegreedeep
很不幸,adegreedeep
很残酷,adegreedeep
很丑,adegreedeep
很聪明,adegreedeep
很大,adegreedeep
很单纯,adegreedeep
很多,adegreedeep
很多,ndegreedeep
很多,addegreedeep
很多很多,adegreedeep
狠,adegreedeep
极,addegreedeep
极差,adegreedeep
极大,adegreedeep
极度,addegreedeep
极度,adegreedeep
极端,adegreedeep
极端,addegreedeep
极短,adegreedeep
极高,adegreedeep
极好,adegreedeep
极力,addegreedeep
极其,addegreedeep
极少,adegreedeep
极少,addegreedeep
极速,addegreedeep
极为,addegreedeep
极小,adegreedeep
极重,adegreedeep
急剧,addegreedeep
几乎,addegreedeep
几近,addegreedeep
加倍,addegreedeep
简直,addegreedeep
较差,adegreedeep
较大,adegreedeep
较多,adegreedeep
较高,adegreedeep
近,adegreedeep
近,addegreedeep
近乎,addegreedeep
巨,adegreedeep
巨大,adegreedeep
巨额,adegreedeep
巨型,adegreedeep
剧烈,adegreedeep
夸张,adegreedeep
快,adegreedeep
那么,addegreedeep
深,adegreedeep
深,addegreedeep
深,ndegreedeep
深深,adegreedeep
深深,addegreedeep
深深地,addegreedeep
甚,addegreedeep
甚好,adegreedeep
甚微,adegreedeep
甚至,addegreedeep
甚至于,addegreedeep
十分,addegreedeep
十有八九,addegreedeep
十足,adegreedeep
太,addegreedeep
太,adegreedeep
太多,adegreedeep
太多,addegreedeep
太多,ndegreedeep
太多太多,adegreedeep
太难,adegreedeep
太难,addegreedeep
太难太难,adegreedeep
特,adegreedeep
特,addegreedeep
特别,addegreedeep
特别,adegreedeep
特别是,addegreedeep
特大,adegreedeep
特地,addegreedeep
特定,adegreedeep
特么难,adegreedeep
挺,addegreedeep
挺好,adegreedeep
挺好,addegreedeep
挺好,ndegreedeep
挺正常,adegreedeep
完全,addegreedeep
完全,adegreedeep
完完全全,addegreedeep
万分,addegreedeep
无比,addegreedeep
无比,adegreedeep
无边,adegreedeep
无边无际,adegreedeep
无尽,adegreedeep
无尽,addegreedeep
显然,addegreedeep
显著,adegreedeep
显著,addegreedeep
相当,addegreedeep
严重,adegreedeep
严重,addegreedeep
严重,ndegreedeep
一定,addegreedeep
一定,adegreedeep
一度,addegreedeep
一概,addegreedeep
一律,addegreedeep
一齐,addegreedeep
一起,addegreedeep
一塌糊涂,adegreedeep
一团糟,ndegreedeep
一团糟,adegreedeep
一文不值,adegreedeep
一无是处,adegreedeep
一无是处,addegreedeep
尤其,addegreedeep
尤其是,addegreedeep
愈,addegreedeep
愈发,addegreedeep
愈加,addegreedeep
愈加,adegreedeep
愈来,addegreedeep
愈演愈烈,adegreedeep
越,addegreedeep
越多,adegreedeep
越多越,addegreedeep
越发,addegreedeep
越好,adegreedeep
越来,addegreedeep
越来越,addegreedeep
越来越好,adegreedeep
越来越远,adegreedeep
越陷越深,adegreedeep
早就,addegreedeep
早已,addegreedeep
这么,addegreedeep
这么多,adegreedeep
真,adegreedeep
真,addegreedeep
真,ndegreedeep
真真,adegreedeep
重,adegreedeep
重,addegreedeep
重,ndegreedeep
重度,ndegreedeep
重度,adegreedeep
重重,adegreedeep
重重,addegreedeep
诸多,adegreedeep
诸如此类,adegreedeep
最,addegreedeep
最惨,adegreedeep
最差,adegreedeep
最大,adegreedeep
最低,adegreedeep
最低,ndegreedeep
最短,adegreedeep
最多,addegreedeep
最高,adegreedeep
最好,adegreedeep
最坏,adegreedeep
最为,addegreedeep
薄,adegreeshallow
薄弱,adegreeshallow
表面上,addegreeshallow
不够,adegreeshallow
不够,addegreeshallow
不一定,addegreeshallow
不足,adegreeshallow
不足,ndegreeshallow
不足以,addegreeshallow
差不多,addegreeshallow
差不多,adegreeshallow
差点,addegreeshallow
充其量,addegreeshallow
大抵,addegreeshallow
大概,addegreeshallow
大约,addegreeshallow
大致,addegreeshallow
大致,adegreeshallow
还行,adegreeshallow
还好,adegreeshallow
还好,addegreeshallow
好一点,adegreeshallow
或多或少,addegreeshallow
或多或少,adegreeshallow
基本,adegreeshallow
基本,addegreeshallow
基本上,addegreeshallow
较少,adegreeshallow
较为,addegreeshallow
可有可无,adegreeshallow
尚未,addegreeshallow
稍,addegreeshallow
稍稍,addegreeshallow
稍微,addegreeshallow
适当,addegreeshallow
适当,adegreeshallow
适当地,addegreeshallow
适度,adegreeshallow
说不定,addegreeshallow
说到底,addegreeshallow
微,adegreeshallow
微弱,adegreeshallow
微微,adegreeshallow
微小,adegreeshallow
也许,addegreeshallow
一般,addegreeshallow
一般,adegreeshallow
一般般,adegreeshallow
一般地,addegreeshallow
有点,addegreeshallow
有点儿,addegreeshallow
有几次,addegreeshallow
中等,adegreeshallow
中度,adegreeshallow
中度,ndegreeshallow
刚刚好,ndegreeshallow
刚好,ndegreeshallow
刚好,ndegreeshallow
还不错,ndegreeshallow
还不错,ndegreeshallow
都挺好,adegreeother
都一样,adegreeother
都一样,addegreeother
多一点,adegreeother
还是一样,adegreeother
