n次,numotherfrequencyhigh
多半,numotherfrequencyhigh
多遍,numotherfrequencyhigh
多次,numotherfrequencyhigh
多个,numotherfrequencyhigh
多少次,numotherfrequencyhigh
多数,numotherfrequencyhigh
多天,numotherfrequencyhigh
好多,numotherfrequencyhigh
好多遍,numotherfrequencyhigh
好多次,numotherfrequencyhigh
好多条,numotherfrequencyhigh
好多种,numotherfrequencyhigh
好几遍,numotherfrequencyhigh
好几年,numotherfrequencyhigh
好几天,numotherfrequencyhigh
好些,numotherfrequencyhigh
好些,numotherfrequencyhigh
很多,numotherfrequencyhigh
很多次,numotherfrequencyhigh
很多很多,numotherfrequencyhigh
很多年,numotherfrequencyhigh
很多天,numotherfrequencyhigh
绝大多数,numotherfrequencyhigh
千百遍,numotherfrequencyhigh
千百回,numotherfrequencyhigh
千遍万遍,numotherfrequencyhigh
千千万,numotherfrequencyhigh
千千万万,numotherfrequencyhigh
十几遍,numotherfrequencyhigh
十几次,numotherfrequencyhigh
数次,numotherfrequencyhigh
数段,numotherfrequencyhigh
数载,numotherfrequencyhigh
天天,qotherfrequencyhigh
无数,numotherfrequencyhigh
无数倍,numotherfrequencyhigh
无数遍,numotherfrequencyhigh
无数次,numotherfrequencyhigh
无数个,numotherfrequencyhigh
一百遍,numotherfrequencyhigh
一辈子,numotherfrequencyhigh
一遍遍,numotherfrequencyhigh
一遍一遍,numotherfrequencyhigh
一波,numotherfrequencyhigh
一波儿,numotherfrequencyhigh
一大半,numotherfrequencyhigh
一度,numotherfrequencyhigh
一股脑,numotherfrequencyhigh
一天天,numotherfrequencyhigh
一万倍,numotherfrequencyhigh
一万遍,numotherfrequencyhigh
一万次,numotherfrequencyhigh
一万个,numotherfrequencyhigh
一阵,numotherfrequencyhigh
一阵一阵,numotherfrequencyhigh
一阵阵,numotherfrequencyhigh
一整年,numotherfrequencyhigh
一整天,numotherfrequencyhigh
一整夜,numotherfrequencyhigh
有许多,numotherfrequencyhigh
不断,adfrequencyhigh
不断,afrequencyhigh
不断地,adfrequencyhigh
不停地,adfrequencyhigh
不一而足,afrequencyhigh
不再,adfrequencyhigh
常,adfrequencyhigh
常常,adfrequencyhigh
常年,adfrequencyhigh
彻夜,adfrequencyhigh
持久,afrequencyhigh
持续性,afrequencyhigh
从不,adfrequencyhigh
从此,adfrequencyhigh
从今往后,adfrequencyhigh
从来,adfrequencyhigh
从来没有,adfrequencyhigh
从没,adfrequencyhigh
从没不,adfrequencyhigh
从头,adfrequencyhigh
从头到尾,adfrequencyhigh
从未,adfrequencyhigh
从小,adfrequencyhigh
从小到大,adfrequencyhigh
从早到晚,adfrequencyhigh
定期,adfrequencyhigh
断断续续,afrequencyhigh
断断续续,adfrequencyhigh
反反复复,afrequencyhigh
反反复复,adfrequencyhigh
反复,adfrequencyhigh
反复,afrequencyhigh
反复无常,afrequencyhigh
分分钟,adfrequencyhigh
好久,afrequencyhigh
好久,adfrequencyhigh
好久好久,afrequencyhigh
好久好久,adfrequencyhigh
经常,adfrequencyhigh
连续,adfrequencyhigh
连续,afrequencyhigh
三番五次,afrequencyhigh
数不清,afrequencyhigh
数不胜数,afrequencyhigh
无时无刻,adfrequencyhigh
无时无刻,afrequencyhigh
一贯,adfrequencyhigh
一再,adfrequencyhigh
一直,adfrequencyhigh
一直一直,adfrequencyhigh
依旧,afrequencyhigh
依旧,adfrequencyhigh
依然,adfrequencyhigh
依然在,adfrequencyhigh
已经很久,adfrequencyhigh
已经很久,afrequencyhigh
已然,adfrequencyhigh
又,adfrequencyhigh
又复,adfrequencyhigh
又一次,adfrequencyhigh
再,adfrequencyhigh
再次,adfrequencyhigh
再三,adfrequencyhigh
再一次,adfrequencyhigh
长久,afrequencyhigh
长期,afrequencyhigh
长长,afrequencyhigh
长长久久,afrequencyhigh
照常,adfrequencyhigh
照旧,adfrequencyhigh
照样,adfrequencyhigh
整天,afrequencyhigh
整天,adfrequencyhigh
至今,adfrequencyhigh
终日,adfrequencyhigh
总是,adfrequencyhigh
偶尔,numotherfrequencylow
几遍,numotherfrequencylow
几次,numotherfrequencylow
几趟,numotherfrequencylow
两三遍,numotherfrequencylow
两三部,numotherfrequencylow
两三次,numotherfrequencylow
两三点,numotherfrequencylow
两三个,numotherfrequencylow
两三盒,numotherfrequencylow
两三口,numotherfrequencylow
一点,numotherfrequencylow
一点点,numotherfrequencylow
一点儿,numotherfrequencylow
一点一点,numotherfrequencylow
一丁点,numotherfrequencylow
一两次,numotherfrequencylow
一两个,numotherfrequencylow
一阵子,numotherfrequencylow
有一次,numotherfrequencylow
曾,adfrequencylow
曾经,adfrequencylow
还未,adfrequencylow
有时候,adfrequencylow
有一次,adfrequencylow
两场,numotherfrequencyother
两次,numotherfrequencyother
首次,numotherfrequencyother
首位,numotherfrequencyother
按时,adfrequencyother
骤然,adfrequencyother
逐渐,adfrequencyother
